"DRG_Definition","Provider_Id","Provider_Name","Provider_Street_Address","Provider_City","Provider_State","Provider_Zip_Code","Hospital_Referral_Region__HRR__Description","Total_Discharges","Average_Covered_Charges","Average_Total_Payments","Average_Medicare_Payments","Provider_Name_pretty","city_experiance_percentile","city_experiance_rank","city_experiance_out_of","state_experiance_percentile","state_experiance_rank","state_experiance_out_of","overall_experiance_percentile","overall_experiance_rank","overall_experiance_out_of","DRG_Definition_pretty","Provider_City_pretty","least_expensive_in_city","least_expensive_in_city_amount","least_expensive_in_state","least_expensive_in_state_amount","least_expensive_in_state_city","least_expensive_overall","least_expensive_in_overall_amount","least_expensive_overall_city","least_expensive_overall_state","city_out_of","city_rank","city_percentile","state_out_of","state_rank","state_percentile","country_out_of","country_rank","country_percentile"
"039 - EXTRACRANIAL PROCEDURES W/O CC/MCC",340030,"DUKE UNIVERSITY HOSPITAL","PO BOX 3708 DUMC  ERWIN RD","DURHAM","NC",27710,"NC - Durham",31,26926.51613,9232,6693.709677,"Duke University Hospital",100,1,1,51.8518518518518,14,27,65.8461538461538,334,975,"extracranial procedures w/o cc/mcc","Durham","Duke University Hospital",9232,"Rex Hospital",5691.166667,"Raleigh","Thomas Hospital",5103.153846,"Fairhope","AL",1,1,100,27,1,100,975,92,90.6666666666667
"057 - DEGENERATIVE NERVOUS SYSTEM DISORDERS W/O MCC",340030,"DUKE UNIVERSITY HOSPITAL","PO BOX 3708 DUMC  ERWIN RD","DURHAM","NC",27710,"NC - Durham",36,37891.16667,11583,7132.916667,"Duke University Hospital",100,1,1,77.7777777777778,7,27,86.7154811715481,128,956,"degenerative nervous system disorders w/o mcc","Durham","Duke University Hospital",11583,"Presbyterian Hospital Matthews",5479.923077,"Matthews","Thomas Hospital",4461.928571,"Fairhope","AL",1,1,100,27,1,100,956,63,93.5146443514644
"064 - INTRACRANIAL HEMORRHAGE OR CEREBRAL INFARCTION W MCC",340030,"DUKE UNIVERSITY HOSPITAL","PO BOX 3708 DUMC  ERWIN RD","DURHAM","NC",27710,"NC - Durham",79,79496.16456,22726.89873,18218.55696,"Duke University Hospital",100,1,2,80.6451612903226,13,62,88.9502762430939,181,1629,"intracranial hemorrhage or cerebral infarction w mcc","Durham","Duke Regional Hospital",12465.4,"Medwest Haywood",9759.647059,"Clyde","Fort Loudoun Medical Center",7595.545455,"Lenoir City","TN",2,1,100,62,1,100,1629,60,96.378146101903
"064 - INTRACRANIAL HEMORRHAGE OR CEREBRAL INFARCTION W MCC",340155,"DUKE REGIONAL HOSPITAL","3643 N ROXBORO ROAD","DURHAM","NC",27704,"NC - Durham",45,36733.53333,12465.4,10762.13333,"Duke Regional Hospital",50,2,2,74.1935483870968,17,62,70.2271332105586,486,1629,"intracranial hemorrhage or cerebral infarction w mcc","Durham","Duke Regional Hospital",12465.4,"Medwest Haywood",9759.647059,"Clyde","Fort Loudoun Medical Center",7595.545455,"Lenoir City","TN",2,2,50,62,18,72.5806451612903,1629,805,50.6445672191529
"065 - INTRACRANIAL HEMORRHAGE OR CEREBRAL INFARCTION W CC OR TPA IN 24 HRS",340030,"DUKE UNIVERSITY HOSPITAL","PO BOX 3708 DUMC  ERWIN RD","DURHAM","NC",27710,"NC - Durham",98,48165.17347,12162.70408,8626.591837,"Duke University Hospital",100,1,2,83.5616438356164,13,73,90.2720147533426,212,2169,"intracranial hemorrhage or cerebral infarction w cc or tpa in 24 hrs","Durham","Duke Regional Hospital",7604.118644,"Rex Hospital",6135.810811,"Raleigh","Saint Anthony's Health Center",5289.666667,"Alton","IL",2,1,100,73,1,100,2169,104,95.2512678653757
"065 - INTRACRANIAL HEMORRHAGE OR CEREBRAL INFARCTION W CC OR TPA IN 24 HRS",340155,"DUKE REGIONAL HOSPITAL","3643 N ROXBORO ROAD","DURHAM","NC",27704,"NC - Durham",59,27463.38983,7604.118644,6254.305085,"Duke Regional Hospital",50,2,2,67.1232876712329,25,73,72.7985246657446,591,2169,"intracranial hemorrhage or cerebral infarction w cc or tpa in 24 hrs","Durham","Duke Regional Hospital",7604.118644,"Rex Hospital",6135.810811,"Raleigh","Saint Anthony's Health Center",5289.666667,"Alton","IL",2,2,50,73,24,68.4931506849315,2169,947,56.3854310742278
"066 - INTRACRANIAL HEMORRHAGE OR CEREBRAL INFARCTION W/O CC/MCC",340030,"DUKE UNIVERSITY HOSPITAL","PO BOX 3708 DUMC  ERWIN RD","DURHAM","NC",27710,"NC - Durham",64,35382.79688,8183.640625,5637.21875,"Duke University Hospital",100,1,2,85.2459016393443,10,61,93.0755914598961,121,1733,"intracranial hemorrhage or cerebral infarction w/o cc/mcc","Durham","Duke Regional Hospital",5440.222222,"Iredell Memorial Hospital Inc",4422.692308,"Statesville","Springhill Medical Center",3911.222222,"Mobile","AL",2,1,100,61,1,100,1733,130,92.5562608193883
"066 - INTRACRANIAL HEMORRHAGE OR CEREBRAL INFARCTION W/O CC/MCC",340155,"DUKE REGIONAL HOSPITAL","3643 N ROXBORO ROAD","DURHAM","NC",27704,"NC - Durham",45,21025.66667,5440.222222,4056.266667,"Duke Regional Hospital",50,2,2,72.1311475409836,18,61,81.4195037507213,323,1733,"intracranial hemorrhage or cerebral infarction w/o cc/mcc","Durham","Duke Regional Hospital",5440.222222,"Iredell Memorial Hospital Inc",4422.692308,"Statesville","Springhill Medical Center",3911.222222,"Mobile","AL",2,2,50,61,18,72.1311475409836,1733,868,49.9711482977496
"069 - TRANSIENT ISCHEMIA",340030,"DUKE UNIVERSITY HOSPITAL","PO BOX 3708 DUMC  ERWIN RD","DURHAM","NC",27710,"NC - Durham",22,27809.63636,6939.136364,4723.772727,"Duke University Hospital",50,2,2,37.0967741935484,40,62,37.1162280701754,1148,1824,"transient ischemia","Durham","Duke Regional Hospital",5035.40625,"Iredell Memorial Hospital Inc",4133.782609,"Statesville","Thomas Hospital",3637,"Fairhope","AL",2,1,100,62,2,98.3870967741936,1824,190,89.6381578947368
"069 - TRANSIENT ISCHEMIA",340155,"DUKE REGIONAL HOSPITAL","3643 N ROXBORO ROAD","DURHAM","NC",27704,"NC - Durham",32,19913.96875,5035.40625,3792.6875,"Duke Regional Hospital",100,1,2,59.6774193548387,26,62,57.0175438596491,785,1824,"transient ischemia","Durham","Duke Regional Hospital",5035.40625,"Iredell Memorial Hospital Inc",4133.782609,"Statesville","Thomas Hospital",3637,"Fairhope","AL",2,2,50,62,24,62.9032258064516,1824,910,50.1644736842105
"074 - CRANIAL & PERIPHERAL NERVE DISORDERS W/O MCC",340030,"DUKE UNIVERSITY HOSPITAL","PO BOX 3708 DUMC  ERWIN RD","DURHAM","NC",27710,"NC - Durham",18,36903.5,9698.666667,6653.111111,"Duke University Hospital",100,1,1,50,15,28,58.576874205845,327,787,"cranial & peripheral nerve disorders w/o mcc","Durham","Duke University Hospital",9698.666667,"Iredell Memorial Hospital Inc",5002.666667,"Statesville","Boone Hospital Center",4539.090909,"Columbia","MO",1,1,100,28,2,96.4285714285714,787,71,91.1054637865311
"100 - SEIZURES W MCC",340030,"DUKE UNIVERSITY HOSPITAL","PO BOX 3708 DUMC  ERWIN RD","DURHAM","NC",27710,"NC - Durham",24,61550.75,16450.29167,12661.70833,"Duke University Hospital",100,1,1,60,11,25,75.253807106599,196,788,"seizures w mcc","Durham","Duke University Hospital",16450.29167,"Alamance Regional Medical Center",8396.619048,"Burlington","Missouri Baptist Medical Center",7349.538462,"Town And Countr","MO",1,1,100,25,1,100,788,95,88.0710659898477
"101 - SEIZURES W/O MCC",340030,"DUKE UNIVERSITY HOSPITAL","PO BOX 3708 DUMC  ERWIN RD","DURHAM","NC",27710,"NC - Durham",50,34501.3,7857.08,4865,"Duke University Hospital",100,1,2,78.3783783783784,9,37,85.4225352112676,208,1420,"seizures w/o mcc","Durham","Duke Regional Hospital",5176.5,"Medwest Haywood",4317.545455,"Clyde","Springhill Medical Center",3655.789474,"Mobile","AL",2,1,100,37,2,97.2972972972973,1420,131,90.8450704225352
"101 - SEIZURES W/O MCC",340155,"DUKE REGIONAL HOSPITAL","3643 N ROXBORO ROAD","DURHAM","NC",27704,"NC - Durham",22,20612.31818,5176.5,3994.818182,"Duke Regional Hospital",50,2,2,45.945945945946,21,37,49.5070422535211,718,1420,"seizures w/o mcc","Durham","Duke Regional Hospital",5176.5,"Medwest Haywood",4317.545455,"Clyde","Springhill Medical Center",3655.789474,"Mobile","AL",2,2,50,37,18,54.0540540540541,1420,762,46.4084507042254
"176 - PULMONARY EMBOLISM W/O MCC",340030,"DUKE UNIVERSITY HOSPITAL","PO BOX 3708 DUMC  ERWIN RD","DURHAM","NC",27710,"NC - Durham",65,24310.8,9939.276923,7490.876923,"Duke University Hospital",100,1,2,96.2962962962963,3,54,98.75,18,1360,"pulmonary embolism w/o mcc","Durham","Duke Regional Hospital",7025.227273,"Lake Norman Regional Medical Center",5281.941176,"Mooresville","Springhill Medical Center",5031.333333,"Mobile","AL",2,1,100,54,2,98.1481481481482,1360,106,92.2794117647059
"176 - PULMONARY EMBOLISM W/O MCC",340155,"DUKE REGIONAL HOSPITAL","3643 N ROXBORO ROAD","DURHAM","NC",27704,"NC - Durham",22,22216.45455,7025.227273,5357.909091,"Duke Regional Hospital",50,2,2,55.5555555555556,25,54,61.6176470588235,523,1360,"pulmonary embolism w/o mcc","Durham","Duke Regional Hospital",7025.227273,"Lake Norman Regional Medical Center",5281.941176,"Mooresville","Springhill Medical Center",5031.333333,"Mobile","AL",2,2,50,54,17,70.3703703703704,1360,615,54.8529411764706
"177 - RESPIRATORY INFECTIONS & INFLAMMATIONS W MCC",340030,"DUKE UNIVERSITY HOSPITAL","PO BOX 3708 DUMC  ERWIN RD","DURHAM","NC",27710,"NC - Durham",44,42192.68182,19044.15909,15408.27273,"Duke University Hospital",100,1,2,62.5,28,72,74.2721016410799,487,1889,"respiratory infections & inflammations w mcc","Durham","Duke Regional Hospital",13565,"Margaret R Pardee Memorial Hospital",10407.30952,"Hendersonville","Bert Fish Medical Center",8862.533333,"New Smyrna Beac","FL",2,1,100,72,3,97.2222222222222,1889,165,91.3181577554262
"177 - RESPIRATORY INFECTIONS & INFLAMMATIONS W MCC",340155,"DUKE REGIONAL HOSPITAL","3643 N ROXBORO ROAD","DURHAM","NC",27704,"NC - Durham",31,28607.19355,13565,12274.48387,"Duke Regional Hospital",50,2,2,45.8333333333333,40,72,57.3319216516675,807,1889,"respiratory infections & inflammations w mcc","Durham","Duke Regional Hospital",13565,"Margaret R Pardee Memorial Hospital",10407.30952,"Hendersonville","Bert Fish Medical Center",8862.533333,"New Smyrna Beac","FL",2,2,50,72,20,73.6111111111111,1889,808,57.2789835892006
"178 - RESPIRATORY INFECTIONS & INFLAMMATIONS W CC",340030,"DUKE UNIVERSITY HOSPITAL","PO BOX 3708 DUMC  ERWIN RD","DURHAM","NC",27710,"NC - Durham",42,33166.16667,13342.64286,10232.85714,"Duke University Hospital",100,1,2,85.4838709677419,10,62,86.3636363636364,238,1738,"respiratory infections & inflammations w cc","Durham","Duke Regional Hospital",9354.130435,"Medwest Haywood",7207.363636,"Clyde","Hancock Regional Hospital",6699.636364,"Greenfield","IN",2,1,100,62,2,98.3870967741936,1738,146,91.6570771001151
"178 - RESPIRATORY INFECTIONS & INFLAMMATIONS W CC",340155,"DUKE REGIONAL HOSPITAL","3643 N ROXBORO ROAD","DURHAM","NC",27704,"NC - Durham",23,21407.91304,9354.130435,8109.652174,"Duke Regional Hospital",50,2,2,53.2258064516129,30,62,57.825086306099,734,1738,"respiratory infections & inflammations w cc","Durham","Duke Regional Hospital",9354.130435,"Medwest Haywood",7207.363636,"Clyde","Hancock Regional Hospital",6699.636364,"Greenfield","IN",2,2,50,62,24,62.9032258064516,1738,809,53.5097813578826
"189 - PULMONARY EDEMA & RESPIRATORY FAILURE",340030,"DUKE UNIVERSITY HOSPITAL","PO BOX 3708 DUMC  ERWIN RD","DURHAM","NC",27710,"NC - Durham",57,54093.94737,15904.26316,12068.19298,"Duke University Hospital",50,2,2,50.6493506493506,39,77,70.3504043126685,661,2226,"pulmonary edema & respiratory failure","Durham","Duke Regional Hospital",8590.023256,"Margaret R Pardee Memorial Hospital",7113.978261,"Hendersonville","Fort Loudoun Medical Center",5853.352941,"Lenoir City","TN",2,1,100,77,1,100,2226,48,97.8885893980234
"189 - PULMONARY EDEMA & RESPIRATORY FAILURE",340155,"DUKE REGIONAL HOSPITAL","3643 N ROXBORO ROAD","DURHAM","NC",27704,"NC - Durham",86,27907.19767,8590.023256,7328.011628,"Duke Regional Hospital",100,1,2,72.7272727272727,22,77,85.7142857142857,319,2226,"pulmonary edema & respiratory failure","Durham","Duke Regional Hospital",8590.023256,"Margaret R Pardee Memorial Hospital",7113.978261,"Hendersonville","Fort Loudoun Medical Center",5853.352941,"Lenoir City","TN",2,2,50,77,21,74.025974025974,2226,992,55.4806828391734
"190 - CHRONIC OBSTRUCTIVE PULMONARY DISEASE W MCC",340030,"DUKE UNIVERSITY HOSPITAL","PO BOX 3708 DUMC  ERWIN RD","DURHAM","NC",27710,"NC - Durham",71,33067.84507,11211.16901,8590.802817,"Duke University Hospital",50,2,2,61.25,32,80,73.5459662288931,706,2665,"chronic obstructive pulmonary disease w mcc","Durham","Duke Regional Hospital",7975.102564,"Rex Hospital",6702.357143,"Raleigh","Wadley Regional Medical Center At Hope",5533.113636,"Hope","AR",2,1,100,80,3,97.5,2665,250,90.656660412758
"190 - CHRONIC OBSTRUCTIVE PULMONARY DISEASE W MCC",340155,"DUKE REGIONAL HOSPITAL","3643 N ROXBORO ROAD","DURHAM","NC",27704,"NC - Durham",78,22308.92308,7975.102564,6525.371795,"Duke Regional Hospital",100,1,2,65,29,80,77.7861163227017,593,2665,"chronic obstructive pulmonary disease w mcc","Durham","Duke Regional Hospital",7975.102564,"Rex Hospital",6702.357143,"Raleigh","Wadley Regional Medical Center At Hope",5533.113636,"Hope","AR",2,2,50,80,24,71.25,2665,1205,54.8217636022514
"191 - CHRONIC OBSTRUCTIVE PULMONARY DISEASE W CC",340030,"DUKE UNIVERSITY HOSPITAL","PO BOX 3708 DUMC  ERWIN RD","DURHAM","NC",27710,"NC - Durham",55,26601.61818,9126.309091,6726.236364,"Duke University Hospital",50,2,2,60.4938271604938,33,81,66.6027607361963,872,2608,"chronic obstructive pulmonary disease w cc","Durham","Duke Regional Hospital",6410.285714,"Lake Norman Regional Medical Center",5289.969697,"Mooresville","Fort Loudoun Medical Center",4374.583333,"Lenoir City","TN",2,1,100,81,2,98.7654320987654,2608,213,91.8711656441718
"191 - CHRONIC OBSTRUCTIVE PULMONARY DISEASE W CC",340155,"DUKE REGIONAL HOSPITAL","3643 N ROXBORO ROAD","DURHAM","NC",27704,"NC - Durham",98,18258.37755,6410.285714,5203.163265,"Duke Regional Hospital",100,1,2,83.9506172839506,14,81,89.3021472392638,280,2608,"chronic obstructive pulmonary disease w cc","Durham","Duke Regional Hospital",6410.285714,"Lake Norman Regional Medical Center",5289.969697,"Mooresville","Fort Loudoun Medical Center",4374.583333,"Lenoir City","TN",2,2,50,81,29,65.4320987654321,2608,1152,55.8665644171779
"192 - CHRONIC OBSTRUCTIVE PULMONARY DISEASE W/O CC/MCC",340030,"DUKE UNIVERSITY HOSPITAL","PO BOX 3708 DUMC  ERWIN RD","DURHAM","NC",27710,"NC - Durham",23,23533.08696,7159.956522,4790.782609,"Duke University Hospital",50,2,2,28.9855072463768,50,69,39.7009966777409,1453,2408,"chronic obstructive pulmonary disease w/o cc/mcc","Durham","Duke Regional Hospital",4877.06383,"Rex Hospital",3985.4,"Raleigh","Unicoi County Memorial Hospital",3428.888889,"Erwin","TN",2,1,100,69,2,98.5507246376812,2408,144,94.0614617940199
"192 - CHRONIC OBSTRUCTIVE PULMONARY DISEASE W/O CC/MCC",340155,"DUKE REGIONAL HOSPITAL","3643 N ROXBORO ROAD","DURHAM","NC",27704,"NC - Durham",47,15810.17021,4877.06383,3717.404255,"Duke Regional Hospital",100,1,2,71.0144927536232,21,69,76.4950166112957,567,2408,"chronic obstructive pulmonary disease w/o cc/mcc","Durham","Duke Regional Hospital",4877.06383,"Rex Hospital",3985.4,"Raleigh","Unicoi County Memorial Hospital",3428.888889,"Erwin","TN",2,2,50,69,19,73.9130434782609,2408,1016,57.8488372093023
"193 - SIMPLE PNEUMONIA & PLEURISY W MCC",340030,"DUKE UNIVERSITY HOSPITAL","PO BOX 3708 DUMC  ERWIN RD","DURHAM","NC",27710,"NC - Durham",47,32903.65957,13813.68085,10869.89362,"Duke University Hospital",50,2,2,33.3333333333333,55,81,54.3689320388349,1176,2575,"simple pneumonia & pleurisy w mcc","Durham","Duke Regional Hospital",11302.29091,"Margaret R Pardee Memorial Hospital",8104.717949,"Hendersonville","Fisher-titus Hospital",6734,"Norwalk","OH",2,1,100,81,3,97.5308641975309,2575,247,90.4466019417476
"193 - SIMPLE PNEUMONIA & PLEURISY W MCC",340155,"DUKE REGIONAL HOSPITAL","3643 N ROXBORO ROAD","DURHAM","NC",27704,"NC - Durham",55,32676.70909,11302.29091,8551.309091,"Duke Regional Hospital",100,1,2,39.5061728395062,50,81,63.1456310679612,950,2575,"simple pneumonia & pleurisy w mcc","Durham","Duke Regional Hospital",11302.29091,"Margaret R Pardee Memorial Hospital",8104.717949,"Hendersonville","Fisher-titus Hospital",6734,"Norwalk","OH",2,2,50,81,7,92.5925925925926,2575,636,75.3398058252427
"194 - SIMPLE PNEUMONIA & PLEURISY W CC",340030,"DUKE UNIVERSITY HOSPITAL","PO BOX 3708 DUMC  ERWIN RD","DURHAM","NC",27710,"NC - Durham",70,24033.94286,9596.542857,7117.828571,"Duke University Hospital",50,2,2,54.320987654321,38,81,69.6241110734846,898,2953,"simple pneumonia & pleurisy w cc","Durham","Duke Regional Hospital",6916.293233,"Lake Norman Regional Medical Center",5615.954545,"Mooresville","Springhill Medical Center",4779.641026,"Mobile","AL",2,1,100,81,2,98.7654320987654,2953,249,91.6017609210972
"194 - SIMPLE PNEUMONIA & PLEURISY W CC",340155,"DUKE REGIONAL HOSPITAL","3643 N ROXBORO ROAD","DURHAM","NC",27704,"NC - Durham",133,19778.62406,6916.293233,5526.75188,"Duke Regional Hospital",100,1,2,88.8888888888889,10,81,92.5499492041991,221,2953,"simple pneumonia & pleurisy w cc","Durham","Duke Regional Hospital",6916.293233,"Lake Norman Regional Medical Center",5615.954545,"Mooresville","Springhill Medical Center",4779.641026,"Mobile","AL",2,2,50,81,18,79.0123456790123,2953,1184,59.9390450389434
"195 - SIMPLE PNEUMONIA & PLEURISY W/O CC/MCC",340030,"DUKE UNIVERSITY HOSPITAL","PO BOX 3708 DUMC  ERWIN RD","DURHAM","NC",27710,"NC - Durham",17,16845.47059,6896.647059,4448.235294,"Duke University Hospital",50,2,2,24.5901639344262,47,61,29.4677628732151,1631,2311,"simple pneumonia & pleurisy w/o cc/mcc","Durham","Duke Regional Hospital",4956.634146,"Frye Regional Medical Center",3968.634921,"Hickory","Unicoi County Memorial Hospital",3175,"Erwin","TN",2,1,100,61,2,98.3606557377049,2311,160,93.1198615318044
"195 - SIMPLE PNEUMONIA & PLEURISY W/O CC/MCC",340155,"DUKE REGIONAL HOSPITAL","3643 N ROXBORO ROAD","DURHAM","NC",27704,"NC - Durham",41,14359.17073,4956.634146,3480.195122,"Duke Regional Hospital",100,1,2,78.6885245901639,14,61,82.085677196019,415,2311,"simple pneumonia & pleurisy w/o cc/mcc","Durham","Duke Regional Hospital",4956.634146,"Frye Regional Medical Center",3968.634921,"Hickory","Unicoi County Memorial Hospital",3175,"Erwin","TN",2,2,50,61,17,73.7704918032787,2311,867,62.5270445694505
"202 - BRONCHITIS & ASTHMA W CC/MCC",340030,"DUKE UNIVERSITY HOSPITAL","PO BOX 3708 DUMC  ERWIN RD","DURHAM","NC",27710,"NC - Durham",17,24325.52941,8379.352941,5538.882353,"Duke University Hospital",50,2,2,36.9565217391304,30,46,42.1052631578947,793,1368,"bronchitis & asthma w cc/mcc","Durham","Duke Regional Hospital",6011.478261,"Rex Hospital",4927.173913,"Raleigh","Springhill Medical Center",4215.192308,"Mobile","AL",2,1,100,46,3,95.6521739130435,1368,141,89.766081871345
"202 - BRONCHITIS & ASTHMA W CC/MCC",340155,"DUKE REGIONAL HOSPITAL","3643 N ROXBORO ROAD","DURHAM","NC",27704,"NC - Durham",23,18603.86957,6011.478261,4785.782609,"Duke Regional Hospital",100,1,2,52.1739130434783,23,46,63.3771929824561,502,1368,"bronchitis & asthma w cc/mcc","Durham","Duke Regional Hospital",6011.478261,"Rex Hospital",4927.173913,"Raleigh","Springhill Medical Center",4215.192308,"Mobile","AL",2,2,50,46,19,60.8695652173913,1368,642,53.1432748538012
"207 - RESPIRATORY SYSTEM DIAGNOSIS W VENTILATOR SUPPORT 96+ HOURS",340030,"DUKE UNIVERSITY HOSPITAL","PO BOX 3708 DUMC  ERWIN RD","DURHAM","NC",27710,"NC - Durham",20,142206.6,49126.65,42405.4,"Duke University Hospital",100,1,2,35.2941176470588,23,34,57.0763500931099,462,1074,"respiratory system diagnosis w ventilator support 96+ hours","Durham","Duke Regional Hospital",35274.91667,"Iredell Memorial Hospital Inc",28730.44,"Statesville","Munroe Regional Medical Center",24730.22727,"Ocala","FL",2,1,100,34,2,97.0588235294118,1074,184,82.9608938547486
"207 - RESPIRATORY SYSTEM DIAGNOSIS W VENTILATOR SUPPORT 96+ HOURS",340155,"DUKE REGIONAL HOSPITAL","3643 N ROXBORO ROAD","DURHAM","NC",27704,"NC - Durham",12,105315.25,35274.91667,30442.08333,"Duke Regional Hospital",50,2,2,5.88235294117647,33,34,15.6424581005587,907,1074,"respiratory system diagnosis w ventilator support 96+ hours","Durham","Duke Regional Hospital",35274.91667,"Iredell Memorial Hospital Inc",28730.44,"Statesville","Munroe Regional Medical Center",24730.22727,"Ocala","FL",2,2,50,34,21,41.1764705882353,1074,667,37.9888268156425
"208 - RESPIRATORY SYSTEM DIAGNOSIS W VENTILATOR SUPPORT <96 HOURS",340030,"DUKE UNIVERSITY HOSPITAL","PO BOX 3708 DUMC  ERWIN RD","DURHAM","NC",27710,"NC - Durham",54,74957.77778,22335.37037,18236.37037,"Duke University Hospital",50,2,2,75.3623188405797,18,69,84.1640706126687,306,1926,"respiratory system diagnosis w ventilator support <96 hours","Durham","Duke Regional Hospital",14689.11864,"Hugh Chatham Memorial Hospital",12199.125,"Elkin","Muhlenberg Community Hospital",9671.5,"Greenville","KY",2,1,100,69,2,98.5507246376812,1926,220,88.6292834890966
"208 - RESPIRATORY SYSTEM DIAGNOSIS W VENTILATOR SUPPORT <96 HOURS",340155,"DUKE REGIONAL HOSPITAL","3643 N ROXBORO ROAD","DURHAM","NC",27704,"NC - Durham",59,57357.81356,14689.11864,12810.57627,"Duke Regional Hospital",100,1,2,78.2608695652174,16,69,86.552440290758,260,1926,"respiratory system diagnosis w ventilator support <96 hours","Durham","Duke Regional Hospital",14689.11864,"Hugh Chatham Memorial Hospital",12199.125,"Elkin","Muhlenberg Community Hospital",9671.5,"Greenville","KY",2,2,50,69,28,60.8695652173913,1926,1224,36.5005192107996
"238 - MAJOR CARDIOVASC PROCEDURES W/O MCC",340030,"DUKE UNIVERSITY HOSPITAL","PO BOX 3708 DUMC  ERWIN RD","DURHAM","NC",27710,"NC - Durham",76,88813.32895,28468.36842,24918.56579,"Duke University Hospital",100,1,1,84,5,25,94.6481665014866,55,1009,"major cardiovasc procedures w/o mcc","Durham","Duke University Hospital",28468.36842,"High Point Regional Hospital",18075.375,"High Point","Thomas Hospital",14900.66667,"Fairhope","AL",1,1,100,25,5,84,1009,163,83.9444995044599
"243 - PERMANENT CARDIAC PACEMAKER IMPLANT W CC",340030,"DUKE UNIVERSITY HOSPITAL","PO BOX 3708 DUMC  ERWIN RD","DURHAM","NC",27710,"NC - Durham",51,108892.7843,26769.11765,23373.7451,"Duke University Hospital",100,1,2,78.5714285714286,7,28,94.0944881889764,61,1016,"permanent cardiac pacemaker implant w cc","Durham","Duke Regional Hospital",18017.6,"Margaret R Pardee Memorial Hospital",13948.56522,"Hendersonville","Thomas Hospital",12754.125,"Fairhope","AL",2,1,100,28,1,100,1016,50,95.1771653543307
"243 - PERMANENT CARDIAC PACEMAKER IMPLANT W CC",340155,"DUKE REGIONAL HOSPITAL","3643 N ROXBORO ROAD","DURHAM","NC",27704,"NC - Durham",15,79416,18017.6,16812.13333,"Duke Regional Hospital",50,2,2,25,22,28,34.744094488189,664,1016,"permanent cardiac pacemaker implant w cc","Durham","Duke Regional Hospital",18017.6,"Margaret R Pardee Memorial Hospital",13948.56522,"Hendersonville","Thomas Hospital",12754.125,"Fairhope","AL",2,2,50,28,12,60.7142857142857,1016,459,54.9212598425197
"244 - PERMANENT CARDIAC PACEMAKER IMPLANT W/O CC/MCC",340030,"DUKE UNIVERSITY HOSPITAL","PO BOX 3708 DUMC  ERWIN RD","DURHAM","NC",27710,"NC - Durham",28,81338.21429,18781.5,16190.5,"Duke University Hospital",100,1,1,52.1739130434783,12,23,78.2983970406905,177,811,"permanent cardiac pacemaker implant w/o cc/mcc","Durham","Duke University Hospital",18781.5,"Rex Hospital",12018.10811,"Raleigh","Thomas Hospital",10209.92308,"Fairhope","AL",1,1,100,23,1,100,811,75,90.8754623921085
"246 - PERC CARDIOVASC PROC W DRUG-ELUTING STENT W MCC OR 4+ VESSELS/STENTS",340030,"DUKE UNIVERSITY HOSPITAL","PO BOX 3708 DUMC  ERWIN RD","DURHAM","NC",27710,"NC - Durham",33,92440.63636,28845.09091,26046.45455,"Duke University Hospital",100,1,1,35,14,20,74.4510978043912,257,1002,"perc cardiovasc proc w drug-eluting stent w mcc or 4+ vessels/stents","Durham","Duke University Hospital",28845.09091,"Novant Health Forsyth Medical Center",19135.35294,"Winston-salem","Thomas Hospital",15906.28571,"Fairhope","AL",1,1,100,20,2,95,1002,156,84.5309381237525
"247 - PERC CARDIOVASC PROC W DRUG-ELUTING STENT W/O MCC",340030,"DUKE UNIVERSITY HOSPITAL","PO BOX 3708 DUMC  ERWIN RD","DURHAM","NC",27710,"NC - Durham",110,70861.66364,18363.58182,14660.34545,"Duke University Hospital",100,1,2,58.6206896551724,13,29,84.7035040431267,228,1484,"perc cardiovasc proc w drug-eluting stent w/o mcc","Durham","Duke Regional Hospital",13375.61538,"Novant Health Rowan Medical Center",11744.04348,"Salisbury","Springhill Medical Center",9638.421053,"Mobile","AL",2,1,100,29,2,96.551724137931,1484,206,86.1859838274933
"247 - PERC CARDIOVASC PROC W DRUG-ELUTING STENT W/O MCC",340155,"DUKE REGIONAL HOSPITAL","3643 N ROXBORO ROAD","DURHAM","NC",27704,"NC - Durham",26,73393.26923,13375.61538,11965.23077,"Duke Regional Hospital",50,2,2,24.1379310344828,23,29,23.1132075471698,1142,1484,"perc cardiovasc proc w drug-eluting stent w/o mcc","Durham","Duke Regional Hospital",13375.61538,"Novant Health Rowan Medical Center",11744.04348,"Salisbury","Springhill Medical Center",9638.421053,"Mobile","AL",2,2,50,29,19,37.9310344827586,1484,899,39.4878706199461
"251 - PERC CARDIOVASC PROC W/O CORONARY ARTERY STENT W/O MCC",340030,"DUKE UNIVERSITY HOSPITAL","PO BOX 3708 DUMC  ERWIN RD","DURHAM","NC",27710,"NC - Durham",66,101355.0758,19326.95455,16730.95455,"Duke University Hospital",100,1,1,83.3333333333333,4,18,88.112927191679,81,673,"perc cardiovasc proc w/o coronary artery stent w/o mcc","Durham","Duke University Hospital",19326.95455,"Frye Regional Medical Center",10832.27273,"Hickory","Thomas Hospital",9393.272727,"Fairhope","AL",1,1,100,18,1,100,673,76,88.8558692421991
"252 - OTHER VASCULAR PROCEDURES W MCC",340030,"DUKE UNIVERSITY HOSPITAL","PO BOX 3708 DUMC  ERWIN RD","DURHAM","NC",27710,"NC - Durham",80,79636.5,31184.975,25442.5375,"Duke University Hospital",100,1,2,96,2,25,97.1236816874401,31,1043,"other vascular procedures w mcc","Durham","Duke Regional Hospital",20709.625,"Halifax Regional Medical Center Inc",18410.93333,"Roanoke Rapids","Suburban Hospital",11395.47368,"Bethesda","MD",2,1,100,25,3,92,1043,134,87.248322147651
"252 - OTHER VASCULAR PROCEDURES W MCC",340155,"DUKE REGIONAL HOSPITAL","3643 N ROXBORO ROAD","DURHAM","NC",27704,"NC - Durham",16,70395.5625,20709.625,18849.3125,"Duke Regional Hospital",50,2,2,28,19,25,32.6941514860978,703,1043,"other vascular procedures w mcc","Durham","Duke Regional Hospital",20709.625,"Halifax Regional Medical Center Inc",18410.93333,"Roanoke Rapids","Suburban Hospital",11395.47368,"Bethesda","MD",2,2,50,25,14,48,1043,698,33.1735378715245
"253 - OTHER VASCULAR PROCEDURES W CC",340030,"DUKE UNIVERSITY HOSPITAL","PO BOX 3708 DUMC  ERWIN RD","DURHAM","NC",27710,"NC - Durham",48,64420.79167,23486.6875,19675.39583,"Duke University Hospital",100,1,1,73.0769230769231,8,26,87.3462214411248,145,1138,"other vascular procedures w cc","Durham","Duke University Hospital",23486.6875,"Margaret R Pardee Memorial Hospital",14340.83333,"Hendersonville","Anne Arundel Medical Center",12473.975,"Annapolis","MD",1,1,100,26,4,88.4615384615385,1138,154,86.5553602811951
"254 - OTHER VASCULAR PROCEDURES W/O CC/MCC",340030,"DUKE UNIVERSITY HOSPITAL","PO BOX 3708 DUMC  ERWIN RD","DURHAM","NC",27710,"NC - Durham",41,52376.60976,16993.7561,13370.82927,"Duke University Hospital",100,1,1,85.7142857142857,4,21,88.961038961039,86,770,"other vascular procedures w/o cc/mcc","Durham","Duke University Hospital",16993.7561,"Frye Regional Medical Center",9518.25,"Hickory","Methodist Medical Center Of Oak Ridge",8399.190476,"Oak Ridge","TN",1,1,100,21,1,100,770,53,93.2467532467532
"280 - ACUTE MYOCARDIAL INFARCTION, DISCHARGED ALIVE W MCC",340030,"DUKE UNIVERSITY HOSPITAL","PO BOX 3708 DUMC  ERWIN RD","DURHAM","NC",27710,"NC - Durham",104,57776.69231,18262.625,14776.63462,"Duke University Hospital",100,1,2,93.3333333333333,5,60,97.9099678456592,40,1866,"acute myocardial infarction, discharged alive w mcc","Durham","Duke Regional Hospital",12147.80645,"Margaret R Pardee Memorial Hospital",8526.243243,"Hendersonville","Union Hospital Of Cecil County",6864.92,"Elkton","MD",2,1,100,60,1,100,1866,130,93.0868167202572
"280 - ACUTE MYOCARDIAL INFARCTION, DISCHARGED ALIVE W MCC",340155,"DUKE REGIONAL HOSPITAL","3643 N ROXBORO ROAD","DURHAM","NC",27704,"NC - Durham",31,34465.19355,12147.80645,10726.6129,"Duke Regional Hospital",50,2,2,48.3333333333333,32,60,58.8960342979636,768,1866,"acute myocardial infarction, discharged alive w mcc","Durham","Duke Regional Hospital",12147.80645,"Margaret R Pardee Memorial Hospital",8526.243243,"Hendersonville","Union Hospital Of Cecil County",6864.92,"Elkton","MD",2,2,50,60,16,75,1866,799,57.2347266881029
"281 - ACUTE MYOCARDIAL INFARCTION, DISCHARGED ALIVE W CC",340030,"DUKE UNIVERSITY HOSPITAL","PO BOX 3708 DUMC  ERWIN RD","DURHAM","NC",27710,"NC - Durham",64,41246.20313,11286.35938,7708.296875,"Duke University Hospital",100,1,2,91.6666666666667,5,48,96.8851395197923,49,1541,"acute myocardial infarction, discharged alive w cc","Durham","Duke Regional Hospital",7174.969697,"Betsy Johnson Regional  Hospital",5150.818182,"Dunn","Decatur Morgan Hospital-parkway Campus",4328.5,"Decatur","AL",2,1,100,48,1,100,1541,79,94.9383517196626
"281 - ACUTE MYOCARDIAL INFARCTION, DISCHARGED ALIVE W CC",340155,"DUKE REGIONAL HOSPITAL","3643 N ROXBORO ROAD","DURHAM","NC",27704,"NC - Durham",33,23427.78788,7174.969697,5935.151515,"Duke Regional Hospital",50,2,2,58.3333333333333,21,48,79.0395846852693,324,1541,"acute myocardial infarction, discharged alive w cc","Durham","Duke Regional Hospital",7174.969697,"Betsy Johnson Regional  Hospital",5150.818182,"Dunn","Decatur Morgan Hospital-parkway Campus",4328.5,"Decatur","AL",2,2,50,48,17,66.6666666666667,1541,769,50.1622323166775
"282 - ACUTE MYOCARDIAL INFARCTION, DISCHARGED ALIVE W/O CC/MCC",340030,"DUKE UNIVERSITY HOSPITAL","PO BOX 3708 DUMC  ERWIN RD","DURHAM","NC",27710,"NC - Durham",22,34843.86364,7660.181818,5382.272727,"Duke University Hospital",100,1,2,64.2857142857143,16,42,76.4705882352941,237,1003,"acute myocardial infarction, discharged alive w/o cc/mcc","Durham","Duke Regional Hospital",4833.416667,"Margaret R Pardee Memorial Hospital",4170.785714,"Hendersonville","Upper Chesapeake Medical Center",3621.125,"Bel Air","MD",2,1,100,42,2,97.6190476190476,1003,73,92.8215353938186
"282 - ACUTE MYOCARDIAL INFARCTION, DISCHARGED ALIVE W/O CC/MCC",340155,"DUKE REGIONAL HOSPITAL","3643 N ROXBORO ROAD","DURHAM","NC",27704,"NC - Durham",12,31812,4833.416667,3783.333333,"Duke Regional Hospital",50,2,2,21.4285714285714,34,42,21.036889332004,793,1003,"acute myocardial infarction, discharged alive w/o cc/mcc","Durham","Duke Regional Hospital",4833.416667,"Margaret R Pardee Memorial Hospital",4170.785714,"Hendersonville","Upper Chesapeake Medical Center",3621.125,"Bel Air","MD",2,2,50,42,27,38.0952380952381,1003,675,32.8015952143569
"286 - CIRCULATORY DISORDERS EXCEPT AMI, W CARD CATH W MCC",340030,"DUKE UNIVERSITY HOSPITAL","PO BOX 3708 DUMC  ERWIN RD","DURHAM","NC",27710,"NC - Durham",94,91273.42553,25977.44681,20003.24468,"Duke University Hospital",100,1,1,100,1,24,99.1111111111111,9,900,"circulatory disorders except ami, w card cath w mcc","Durham","Duke University Hospital",25977.44681,"Rex Hospital",11844.37143,"Raleigh","Avera St Lukes",9929.928571,"Aberdeen","SD",1,1,100,24,2,95.8333333333333,900,47,94.8888888888889
"287 - CIRCULATORY DISORDERS EXCEPT AMI, W CARD CATH W/O MCC",340030,"DUKE UNIVERSITY HOSPITAL","PO BOX 3708 DUMC  ERWIN RD","DURHAM","NC",27710,"NC - Durham",253,46809.01976,11626.80237,7961.268775,"Duke University Hospital",100,1,2,93.3333333333333,4,45,99.0947495473748,16,1657,"circulatory disorders except ami, w card cath w/o mcc","Durham","Duke Regional Hospital",7543.952381,"Margaret R Pardee Memorial Hospital",5597.307692,"Hendersonville","Blount Memorial Hospital",5216.0625,"Maryville","TN",2,1,100,45,1,100,1657,111,93.3614966807483
"287 - CIRCULATORY DISORDERS EXCEPT AMI, W CARD CATH W/O MCC",340155,"DUKE REGIONAL HOSPITAL","3643 N ROXBORO ROAD","DURHAM","NC",27704,"NC - Durham",21,37510.2381,7543.952381,5556.238095,"Duke Regional Hospital",50,2,2,28.8888888888889,33,45,21.6656608328304,1299,1657,"circulatory disorders except ami, w card cath w/o mcc","Durham","Duke Regional Hospital",7543.952381,"Margaret R Pardee Memorial Hospital",5597.307692,"Hendersonville","Blount Memorial Hospital",5216.0625,"Maryville","TN",2,2,50,45,12,75.5555555555556,1657,712,57.0911285455643
"291 - HEART FAILURE & SHOCK W MCC",340030,"DUKE UNIVERSITY HOSPITAL","PO BOX 3708 DUMC  ERWIN RD","DURHAM","NC",27710,"NC - Durham",101,46250.25743,16382.86139,12479.44554,"Duke University Hospital",100,1,2,61.7283950617284,32,81,77.2280966767372,604,2648,"heart failure & shock w mcc","Durham","Duke Regional Hospital",11159.40659,"Margaret R Pardee Memorial Hospital",8234.506494,"Hendersonville","Fort Loudoun Medical Center",6966.333333,"Lenoir City","TN",2,1,100,81,1,100,2648,134,94.9773413897281
"291 - HEART FAILURE & SHOCK W MCC",340155,"DUKE REGIONAL HOSPITAL","3643 N ROXBORO ROAD","DURHAM","NC",27704,"NC - Durham",91,29511.74725,11159.40659,9436.527473,"Duke Regional Hospital",50,2,2,58.0246913580247,35,81,72.9984894259819,716,2648,"heart failure & shock w mcc","Durham","Duke Regional Hospital",11159.40659,"Margaret R Pardee Memorial Hospital",8234.506494,"Hendersonville","Fort Loudoun Medical Center",6966.333333,"Lenoir City","TN",2,2,50,81,10,88.8888888888889,2648,791,70.1661631419939
"292 - HEART FAILURE & SHOCK W CC",340030,"DUKE UNIVERSITY HOSPITAL","PO BOX 3708 DUMC  ERWIN RD","DURHAM","NC",27710,"NC - Durham",216,31189.89815,10826.58333,7263.050926,"Duke University Hospital",100,1,2,91.25,8,80,96.6095645967166,96,2802,"heart failure & shock w cc","Durham","Duke Regional Hospital",7076.487603,"Rex Hospital",5479.394872,"Raleigh","Shoals Hospital",4606.428571,"Muscle Shoals","AL",2,1,100,80,2,98.75,2802,137,95.146324054247
"292 - HEART FAILURE & SHOCK W CC",340155,"DUKE REGIONAL HOSPITAL","3643 N ROXBORO ROAD","DURHAM","NC",27704,"NC - Durham",121,21969.78512,7076.487603,5527.404959,"Duke Regional Hospital",50,2,2,77.5,19,80,85.4032833690221,410,2802,"heart failure & shock w cc","Durham","Duke Regional Hospital",7076.487603,"Rex Hospital",5479.394872,"Raleigh","Shoals Hospital",4606.428571,"Muscle Shoals","AL",2,2,50,80,10,88.75,2802,942,66.4168451106353
"293 - HEART FAILURE & SHOCK W/O CC/MCC",340030,"DUKE UNIVERSITY HOSPITAL","PO BOX 3708 DUMC  ERWIN RD","DURHAM","NC",27710,"NC - Durham",65,20000.35385,7250.769231,4701.784615,"Duke University Hospital",100,1,2,88.8888888888889,8,63,93.2811780947998,147,2173,"heart failure & shock w/o cc/mcc","Durham","Duke Regional Hospital",4773.189189,"Lake Norman Regional Medical Center",3662.923077,"Mooresville","Mercy Mccune Brooks Hospital",3215.416667,"Carthage","MO",2,1,100,63,1,100,2173,97,95.5821445006903
"293 - HEART FAILURE & SHOCK W/O CC/MCC",340155,"DUKE REGIONAL HOSPITAL","3643 N ROXBORO ROAD","DURHAM","NC",27704,"NC - Durham",37,16450,4773.189189,3369.864865,"Duke Regional Hospital",50,2,2,61.9047619047619,25,63,74.5513115508514,554,2173,"heart failure & shock w/o cc/mcc","Durham","Duke Regional Hospital",4773.189189,"Lake Norman Regional Medical Center",3662.923077,"Mooresville","Mercy Mccune Brooks Hospital",3215.416667,"Carthage","MO",2,2,50,63,12,82.5396825396825,2173,759,65.1173492867004
"300 - PERIPHERAL VASCULAR DISORDERS W CC",340030,"DUKE UNIVERSITY HOSPITAL","PO BOX 3708 DUMC  ERWIN RD","DURHAM","NC",27710,"NC - Durham",27,27111.96296,10186.55556,6732.407407,"Duke University Hospital",100,1,2,68.5714285714286,12,35,74.9060856498873,335,1331,"peripheral vascular disorders w cc","Durham","Duke Regional Hospital",6075.043478,"Rex Hospital",5341.333333,"Raleigh","Thibodaux Regional Medical Center",4516.272727,"Thibodaux","LA",2,1,100,35,2,97.1428571428571,1331,89,93.3884297520661
"300 - PERIPHERAL VASCULAR DISORDERS W CC",340155,"DUKE REGIONAL HOSPITAL","3643 N ROXBORO ROAD","DURHAM","NC",27704,"NC - Durham",23,14675.73913,6075.043478,5018.391304,"Duke Regional Hospital",50,2,2,51.4285714285714,18,35,65.3643876784373,462,1331,"peripheral vascular disorders w cc","Durham","Duke Regional Hospital",6075.043478,"Rex Hospital",5341.333333,"Raleigh","Thibodaux Regional Medical Center",4516.272727,"Thibodaux","LA",2,2,50,35,25,31.4285714285714,1331,839,37.0398196844478
"303 - ATHEROSCLEROSIS W/O MCC",340030,"DUKE UNIVERSITY HOSPITAL","PO BOX 3708 DUMC  ERWIN RD","DURHAM","NC",27710,"NC - Durham",24,16360.20833,5982.833333,4074.541667,"Duke University Hospital",100,1,2,63.8888888888889,14,36,76.9420468557337,188,811,"atherosclerosis w/o mcc","Durham","Duke Regional Hospital",4441.181818,"Margaret R Pardee Memorial Hospital",3270.076923,"Hendersonville","Tennova Healthcare",2933.5,"Knoxville","TN",2,1,100,36,1,100,811,69,91.6152897657213
"303 - ATHEROSCLEROSIS W/O MCC",340155,"DUKE REGIONAL HOSPITAL","3643 N ROXBORO ROAD","DURHAM","NC",27704,"NC - Durham",11,16946.36364,4441.181818,2532.272727,"Duke Regional Hospital",50,2,2,5.55555555555556,35,36,11.5906288532676,718,811,"atherosclerosis w/o mcc","Durham","Duke Regional Hospital",4441.181818,"Margaret R Pardee Memorial Hospital",3270.076923,"Hendersonville","Tennova Healthcare",2933.5,"Knoxville","TN",2,2,50,36,5,88.8888888888889,811,251,69.173859432799
"305 - HYPERTENSION W/O MCC",340030,"DUKE UNIVERSITY HOSPITAL","PO BOX 3708 DUMC  ERWIN RD","DURHAM","NC",27710,"NC - Durham",14,29687.07143,7110.785714,4025.928571,"Duke University Hospital",100,1,2,40,22,35,35.3973168214654,627,969,"hypertension w/o mcc","Durham","Duke Regional Hospital",4381.416667,"Rex Hospital",3533.090909,"Raleigh","Springhill Medical Center",3002.545455,"Mobile","AL",2,1,100,35,1,100,969,44,95.562435500516
"305 - HYPERTENSION W/O MCC",340155,"DUKE REGIONAL HOSPITAL","3643 N ROXBORO ROAD","DURHAM","NC",27704,"NC - Durham",12,16953.91667,4381.416667,2856.666667,"Duke Regional Hospital",50,2,2,17.1428571428571,30,35,19.7110423116615,779,969,"hypertension w/o mcc","Durham","Duke Regional Hospital",4381.416667,"Rex Hospital",3533.090909,"Raleigh","Springhill Medical Center",3002.545455,"Mobile","AL",2,2,50,35,12,68.5714285714286,969,426,56.140350877193
"308 - CARDIAC ARRHYTHMIA & CONDUCTION DISORDERS W MCC",340030,"DUKE UNIVERSITY HOSPITAL","PO BOX 3708 DUMC  ERWIN RD","DURHAM","NC",27710,"NC - Durham",96,37983.5,13439.91667,10010.64583,"Duke University Hospital",100,1,2,91.1764705882353,7,68,96.9791666666667,59,1920,"cardiac arrhythmia & conduction disorders w mcc","Durham","Duke Regional Hospital",8453.382353,"Lake Norman Regional Medical Center",6771.307692,"Mooresville","Methodist Medical Center Of Oak Ridge",6209.219512,"Oak Ridge","TN",2,1,100,68,1,100,1920,106,94.53125
"308 - CARDIAC ARRHYTHMIA & CONDUCTION DISORDERS W MCC",340155,"DUKE REGIONAL HOSPITAL","3643 N ROXBORO ROAD","DURHAM","NC",27704,"NC - Durham",34,24383.58824,8453.382353,7056.852941,"Duke Regional Hospital",50,2,2,55.8823529411765,31,68,63.28125,706,1920,"cardiac arrhythmia & conduction disorders w mcc","Durham","Duke Regional Hospital",8453.382353,"Lake Norman Regional Medical Center",6771.307692,"Mooresville","Methodist Medical Center Of Oak Ridge",6209.219512,"Oak Ridge","TN",2,2,50,68,18,75,1920,869,54.7916666666667
"309 - CARDIAC ARRHYTHMIA & CONDUCTION DISORDERS W CC",340030,"DUKE UNIVERSITY HOSPITAL","PO BOX 3708 DUMC  ERWIN RD","DURHAM","NC",27710,"NC - Durham",122,27717.72951,8466.959016,5600.172131,"Duke University Hospital",100,1,2,92,7,75,96.5487112276103,80,2289,"cardiac arrhythmia & conduction disorders w cc","Durham","Duke Regional Hospital",5573.522727,"Iredell Memorial Hospital Inc",4522.693878,"Statesville","Saint Joseph Medical Center",3768.9375,"Towson","MD",2,1,100,75,1,100,2289,128,94.4517256443862
"309 - CARDIAC ARRHYTHMIA & CONDUCTION DISORDERS W CC",340155,"DUKE REGIONAL HOSPITAL","3643 N ROXBORO ROAD","DURHAM","NC",27704,"NC - Durham",44,16713.68182,5573.522727,4237.636364,"Duke Regional Hospital",50,2,2,54.6666666666667,35,75,64.2201834862385,820,2289,"cardiac arrhythmia & conduction disorders w cc","Durham","Duke Regional Hospital",5573.522727,"Iredell Memorial Hospital Inc",4522.693878,"Statesville","Saint Joseph Medical Center",3768.9375,"Towson","MD",2,2,50,75,18,77.3333333333333,2289,983,57.0991699432066
"310 - CARDIAC ARRHYTHMIA & CONDUCTION DISORDERS W/O CC/MCC",340030,"DUKE UNIVERSITY HOSPITAL","PO BOX 3708 DUMC  ERWIN RD","DURHAM","NC",27710,"NC - Durham",104,16977.89423,5735.076923,3404.384615,"Duke University Hospital",100,1,2,86.3013698630137,11,73,94.1017559657812,132,2221,"cardiac arrhythmia & conduction disorders w/o cc/mcc","Durham","Duke Regional Hospital",3778.028571,"Iredell Memorial Hospital Inc",3104.964912,"Statesville","Springhill Medical Center",2749.557692,"Mobile","AL",2,1,100,73,1,100,2221,130,94.1918054930212
"310 - CARDIAC ARRHYTHMIA & CONDUCTION DISORDERS W/O CC/MCC",340155,"DUKE REGIONAL HOSPITAL","3643 N ROXBORO ROAD","DURHAM","NC",27704,"NC - Durham",35,14331.57143,3778.028571,2557.342857,"Duke Regional Hospital",50,2,2,49.3150684931507,38,73,54.4349392165691,1013,2221,"cardiac arrhythmia & conduction disorders w/o cc/mcc","Durham","Duke Regional Hospital",3778.028571,"Iredell Memorial Hospital Inc",3104.964912,"Statesville","Springhill Medical Center",2749.557692,"Mobile","AL",2,2,50,73,28,63.013698630137,2221,1052,52.6789734353895
"312 - SYNCOPE & COLLAPSE",340030,"DUKE UNIVERSITY HOSPITAL","PO BOX 3708 DUMC  ERWIN RD","DURHAM","NC",27710,"NC - Durham",41,25370.36585,7637.926829,5162.04878,"Duke University Hospital",100,1,2,65.5172413793103,21,58,58.3823529411765,850,2040,"syncope & collapse","Durham","Duke Regional Hospital",4911.794872,"Frye Regional Medical Center",4131.6,"Hickory","Springhill Medical Center",3549.482759,"Mobile","AL",2,1,100,58,1,100,2040,130,93.6764705882353
"312 - SYNCOPE & COLLAPSE",340155,"DUKE REGIONAL HOSPITAL","3643 N ROXBORO ROAD","DURHAM","NC",27704,"NC - Durham",39,18763.15385,4911.794872,3657.282051,"Duke Regional Hospital",50,2,2,63.7931034482759,22,58,55.7352941176471,904,2040,"syncope & collapse","Durham","Duke Regional Hospital",4911.794872,"Frye Regional Medical Center",4131.6,"Hickory","Springhill Medical Center",3549.482759,"Mobile","AL",2,2,50,58,25,58.6206896551724,2040,1068,47.6960784313725
"313 - CHEST PAIN",340030,"DUKE UNIVERSITY HOSPITAL","PO BOX 3708 DUMC  ERWIN RD","DURHAM","NC",27710,"NC - Durham",35,24465.62857,5960.685714,3696.742857,"Duke University Hospital",100,1,2,62.5,22,56,57.7047413793103,786,1856,"chest pain","Durham","Duke Regional Hospital",3783.69697,"Iredell Memorial Hospital Inc",3131.045455,"Statesville","Univ Of Md Rehabilitation &  Orthopaedic Institute",2233.909091,"Baltimore","MD",2,1,100,56,1,100,1856,128,93.1573275862069
"313 - CHEST PAIN",340155,"DUKE REGIONAL HOSPITAL","3643 N ROXBORO ROAD","DURHAM","NC",27704,"NC - Durham",33,16329.0303,3783.69697,2759.212121,"Duke Regional Hospital",50,2,2,55.3571428571429,26,56,54.7413793103448,841,1856,"chest pain","Durham","Duke Regional Hospital",3783.69697,"Iredell Memorial Hospital Inc",3131.045455,"Statesville","Univ Of Md Rehabilitation &  Orthopaedic Institute",2233.909091,"Baltimore","MD",2,2,50,56,24,58.9285714285714,1856,993,46.551724137931
"314 - OTHER CIRCULATORY SYSTEM DIAGNOSES W MCC",340030,"DUKE UNIVERSITY HOSPITAL","PO BOX 3708 DUMC  ERWIN RD","DURHAM","NC",27710,"NC - Durham",115,55257.68696,19552.67826,14839.97391,"Duke University Hospital",100,1,2,97.2972972972973,2,37,98.4375,23,1408,"other circulatory system diagnoses w mcc","Durham","Duke Regional Hospital",14564.35484,"Wakemed, Cary Hospital",9998,"Cary","Springhill Medical Center",8005.363636,"Mobile","AL",2,1,100,37,3,94.5945945945946,1408,135,90.4829545454545
"314 - OTHER CIRCULATORY SYSTEM DIAGNOSES W MCC",340155,"DUKE REGIONAL HOSPITAL","3643 N ROXBORO ROAD","DURHAM","NC",27704,"NC - Durham",31,53126.93548,14564.35484,12499.45161,"Duke Regional Hospital",50,2,2,51.3513513513513,19,37,66.1221590909091,478,1408,"other circulatory system diagnoses w mcc","Durham","Duke Regional Hospital",14564.35484,"Wakemed, Cary Hospital",9998,"Cary","Springhill Medical Center",8005.363636,"Mobile","AL",2,2,50,37,7,83.7837837837838,1408,471,66.6193181818182
"315 - OTHER CIRCULATORY SYSTEM DIAGNOSES W CC",340030,"DUKE UNIVERSITY HOSPITAL","PO BOX 3708 DUMC  ERWIN RD","DURHAM","NC",27710,"NC - Durham",56,46651.28571,12226.375,8887.910714,"Duke University Hospital",100,1,2,100,1,22,97.9139504563233,17,767,"other circulatory system diagnoses w cc","Durham","Duke Regional Hospital",6503.916667,"Rex Hospital",5409,"Raleigh","Villages Regional Hospital, The",4831.533333,"The Villages","FL",2,1,100,22,1,100,767,32,95.9582790091265
"315 - OTHER CIRCULATORY SYSTEM DIAGNOSES W CC",340155,"DUKE REGIONAL HOSPITAL","3643 N ROXBORO ROAD","DURHAM","NC",27704,"NC - Durham",12,23747.83333,6503.916667,5338.5,"Duke Regional Hospital",50,2,2,18.1818181818182,19,22,21.251629726206,605,767,"other circulatory system diagnoses w cc","Durham","Duke Regional Hospital",6503.916667,"Rex Hospital",5409,"Raleigh","Villages Regional Hospital, The",4831.533333,"The Villages","FL",2,2,50,22,9,63.6363636363636,767,411,46.5449804432855
"329 - MAJOR SMALL & LARGE BOWEL PROCEDURES W MCC",340030,"DUKE UNIVERSITY HOSPITAL","PO BOX 3708 DUMC  ERWIN RD","DURHAM","NC",27710,"NC - Durham",35,167990.8857,58522.91429,44476.08571,"Duke University Hospital",100,1,1,67.5,14,40,83.3456153279293,227,1357,"major small & large bowel procedures w mcc","Durham","Duke University Hospital",58522.91429,"Margaret R Pardee Memorial Hospital",28691.07692,"Hendersonville","Redmond Regional Medical Center",22205.06667,"Rome","GA",1,1,100,40,1,100,1357,60,95.6521739130435
"330 - MAJOR SMALL & LARGE BOWEL PROCEDURES W CC",340030,"DUKE UNIVERSITY HOSPITAL","PO BOX 3708 DUMC  ERWIN RD","DURHAM","NC",27710,"NC - Durham",73,64934.43836,23839.64384,18993.86301,"Duke University Hospital",100,1,2,90,6,50,95.4545454545455,73,1584,"major small & large bowel procedures w cc","Durham","Duke Regional Hospital",19348.52174,"Randolph Hospital",14206.5,"Asheboro","Surgical Hospital At Southwoods",12000.76923,"Youngstown","OH",2,1,100,50,3,96,1584,184,88.4469696969697
"330 - MAJOR SMALL & LARGE BOWEL PROCEDURES W CC",340155,"DUKE REGIONAL HOSPITAL","3643 N ROXBORO ROAD","DURHAM","NC",27704,"NC - Durham",23,75485.78261,19348.52174,16895.91304,"Duke Regional Hospital",50,2,2,54,24,50,51.010101010101,777,1584,"major small & large bowel procedures w cc","Durham","Duke Regional Hospital",19348.52174,"Randolph Hospital",14206.5,"Asheboro","Surgical Hospital At Southwoods",12000.76923,"Youngstown","OH",2,2,50,50,7,88,1584,479,69.8232323232323
"331 - MAJOR SMALL & LARGE BOWEL PROCEDURES W/O CC/MCC",340030,"DUKE UNIVERSITY HOSPITAL","PO BOX 3708 DUMC  ERWIN RD","DURHAM","NC",27710,"NC - Durham",49,42061.34694,15256.08163,11401.97959,"Duke University Hospital",100,1,1,93.1034482758621,3,29,97.0783532536521,23,753,"major small & large bowel procedures w/o cc/mcc","Durham","Duke University Hospital",15256.08163,"Iredell Memorial Hospital Inc",9155.090909,"Statesville","Franklin Woods Community Hospital",8220.583333,"Johnson City","TN",1,1,100,29,2,96.551724137931,753,104,86.3213811420983
"372 - MAJOR GASTROINTESTINAL DISORDERS & PERITONEAL INFECTIONS W CC",340030,"DUKE UNIVERSITY HOSPITAL","PO BOX 3708 DUMC  ERWIN RD","DURHAM","NC",27710,"NC - Durham",33,27377.27273,11832.45455,9003.454545,"Duke University Hospital",100,1,2,78.9473684210526,9,38,85.58256496228,173,1193,"major gastrointestinal disorders & peritoneal infections w cc","Durham","Duke Regional Hospital",8295.969697,"Margaret R Pardee Memorial Hospital",6416.272727,"Hendersonville","Lourdes Hospital",5749.833333,"Paducah","KY",2,1,100,38,2,97.3684210526316,1193,104,91.3663034367142
"372 - MAJOR GASTROINTESTINAL DISORDERS & PERITONEAL INFECTIONS W CC",340155,"DUKE REGIONAL HOSPITAL","3643 N ROXBORO ROAD","DURHAM","NC",27704,"NC - Durham",33,18432.57576,8295.969697,7134.575758,"Duke Regional Hospital",100,1,2,78.9473684210526,9,38,85.58256496228,173,1193,"major gastrointestinal disorders & peritoneal infections w cc","Durham","Duke Regional Hospital",8295.969697,"Margaret R Pardee Memorial Hospital",6416.272727,"Hendersonville","Lourdes Hospital",5749.833333,"Paducah","KY",2,2,50,38,17,57.8947368421053,1193,551,53.8977367979883
"377 - G.I. HEMORRHAGE W MCC",340030,"DUKE UNIVERSITY HOSPITAL","PO BOX 3708 DUMC  ERWIN RD","DURHAM","NC",27710,"NC - Durham",42,58906.02381,19898.95238,15510.40476,"Duke University Hospital",100,1,2,67.2727272727273,19,55,81.6071428571429,310,1680,"g.i. hemorrhage w mcc","Durham","Duke Regional Hospital",12640.65714,"Lake Norman Regional Medical Center",9410.588235,"Mooresville","Baptist Memorial Hospital Union City",8253.454545,"Union City","TN",2,1,100,55,1,100,1680,88,94.8214285714286
"377 - G.I. HEMORRHAGE W MCC",340155,"DUKE REGIONAL HOSPITAL","3643 N ROXBORO ROAD","DURHAM","NC",27704,"NC - Durham",35,39678.34286,12640.65714,10007.05714,"Duke Regional Hospital",50,2,2,63.6363636363636,21,55,72.2023809523809,468,1680,"g.i. hemorrhage w mcc","Durham","Duke Regional Hospital",12640.65714,"Lake Norman Regional Medical Center",9410.588235,"Mooresville","Baptist Memorial Hospital Union City",8253.454545,"Union City","TN",2,2,50,55,13,78.1818181818182,1680,699,58.452380952381
"378 - G.I. HEMORRHAGE W CC",340030,"DUKE UNIVERSITY HOSPITAL","PO BOX 3708 DUMC  ERWIN RD","DURHAM","NC",27710,"NC - Durham",114,26985.25439,10044.84211,7328.517544,"Duke University Hospital",100,1,2,82.051282051282,15,78,90.5896607431341,234,2476,"g.i. hemorrhage w cc","Durham","Duke Regional Hospital",7124.61039,"Iredell Memorial Hospital Inc",5659.106383,"Statesville","Thomas Hospital",4913,"Fairhope","AL",2,1,100,78,2,98.7179487179487,2476,191,92.3263327948304
"378 - G.I. HEMORRHAGE W CC",340155,"DUKE REGIONAL HOSPITAL","3643 N ROXBORO ROAD","DURHAM","NC",27704,"NC - Durham",77,21997.93506,7124.61039,5534.363636,"Duke Regional Hospital",50,2,2,71.7948717948718,23,78,76.2116316639742,590,2476,"g.i. hemorrhage w cc","Durham","Duke Regional Hospital",7124.61039,"Iredell Memorial Hospital Inc",5659.106383,"Statesville","Thomas Hospital",4913,"Fairhope","AL",2,2,50,78,13,84.6153846153846,2476,928,62.5605815831987
"379 - G.I. HEMORRHAGE W/O CC/MCC",340030,"DUKE UNIVERSITY HOSPITAL","PO BOX 3708 DUMC  ERWIN RD","DURHAM","NC",27710,"NC - Durham",15,28152.2,8319.533333,5921.466667,"Duke University Hospital",50,2,2,34.375,22,32,36.9604316546763,702,1112,"g.i. hemorrhage w/o cc/mcc","Durham","Duke Regional Hospital",4801.695652,"Frye Regional Medical Center",3992.833333,"Hickory","Northwest Medical Center",3531.333333,"Winfield","AL",2,1,100,32,1,100,1112,31,97.3021582733813
"379 - G.I. HEMORRHAGE W/O CC/MCC",340155,"DUKE REGIONAL HOSPITAL","3643 N ROXBORO ROAD","DURHAM","NC",27704,"NC - Durham",23,13894.56522,4801.695652,3425,"Duke Regional Hospital",100,1,2,65.625,12,32,70.1438848920863,333,1112,"g.i. hemorrhage w/o cc/mcc","Durham","Duke Regional Hospital",4801.695652,"Frye Regional Medical Center",3992.833333,"Hickory","Northwest Medical Center",3531.333333,"Winfield","AL",2,2,50,32,11,68.75,1112,515,53.7769784172662
"389 - G.I. OBSTRUCTION W CC",340030,"DUKE UNIVERSITY HOSPITAL","PO BOX 3708 DUMC  ERWIN RD","DURHAM","NC",27710,"NC - Durham",38,21462,9272.789474,6642.657895,"Duke University Hospital",100,1,2,81.4814814814815,11,54,82.744874715262,304,1756,"g.i. obstruction w cc","Durham","Duke Regional Hospital",6396.333333,"Iredell Memorial Hospital Inc",5025.615385,"Statesville","Northwest Medical Center",4451.4375,"Winfield","AL",2,1,100,54,3,96.2962962962963,1756,123,93.0523917995444
"389 - G.I. OBSTRUCTION W CC",340155,"DUKE REGIONAL HOSPITAL","3643 N ROXBORO ROAD","DURHAM","NC",27704,"NC - Durham",21,20525.52381,6396.333333,4718.666667,"Duke Regional Hospital",50,2,2,50,28,54,48.0637813211845,913,1756,"g.i. obstruction w cc","Durham","Duke Regional Hospital",6396.333333,"Iredell Memorial Hospital Inc",5025.615385,"Statesville","Northwest Medical Center",4451.4375,"Winfield","AL",2,2,50,54,19,66.6666666666667,1756,749,57.4031890660592
"390 - G.I. OBSTRUCTION W/O CC/MCC",340030,"DUKE UNIVERSITY HOSPITAL","PO BOX 3708 DUMC  ERWIN RD","DURHAM","NC",27710,"NC - Durham",22,18333.86364,6432.909091,4134.681818,"Duke University Hospital",100,1,2,62.5,19,48,66.6909090909091,459,1375,"g.i. obstruction w/o cc/mcc","Durham","Duke Regional Hospital",5601.727273,"Rex Hospital",3657.090909,"Raleigh","Waccamaw Community Hospital",3231.095238,"Murrells Inlet","SC",2,1,100,48,3,95.8333333333333,1375,86,93.8181818181818
"390 - G.I. OBSTRUCTION W/O CC/MCC",340155,"DUKE REGIONAL HOSPITAL","3643 N ROXBORO ROAD","DURHAM","NC",27704,"NC - Durham",22,22762.22727,5601.727273,3839.090909,"Duke Regional Hospital",100,1,2,62.5,19,48,66.6909090909091,459,1375,"g.i. obstruction w/o cc/mcc","Durham","Duke Regional Hospital",5601.727273,"Rex Hospital",3657.090909,"Raleigh","Waccamaw Community Hospital",3231.095238,"Murrells Inlet","SC",2,2,50,48,7,87.5,1375,203,85.3090909090909
"391 - ESOPHAGITIS, GASTROENT & MISC DIGEST DISORDERS W MCC",340030,"DUKE UNIVERSITY HOSPITAL","PO BOX 3708 DUMC  ERWIN RD","DURHAM","NC",27710,"NC - Durham",32,35015.5625,12169.96875,9018.21875,"Duke University Hospital",100,1,2,61.7021276595745,19,47,74.6179401993355,383,1505,"esophagitis, gastroent & misc digest disorders w mcc","Durham","Duke Regional Hospital",8457.666667,"Rex Hospital",6641.710526,"Raleigh","Springhill Medical Center",5741.928571,"Mobile","AL",2,1,100,47,2,97.8723404255319,1505,148,90.2325581395349
"391 - ESOPHAGITIS, GASTROENT & MISC DIGEST DISORDERS W MCC",340155,"DUKE REGIONAL HOSPITAL","3643 N ROXBORO ROAD","DURHAM","NC",27704,"NC - Durham",30,27248.46667,8457.666667,6759.566667,"Duke Regional Hospital",50,2,2,59.5744680851064,20,47,71.6943521594685,427,1505,"esophagitis, gastroent & misc digest disorders w mcc","Durham","Duke Regional Hospital",8457.666667,"Rex Hospital",6641.710526,"Raleigh","Springhill Medical Center",5741.928571,"Mobile","AL",2,2,50,47,10,80.8510638297872,1505,689,54.2857142857143
"392 - ESOPHAGITIS, GASTROENT & MISC DIGEST DISORDERS W/O MCC",340030,"DUKE UNIVERSITY HOSPITAL","PO BOX 3708 DUMC  ERWIN RD","DURHAM","NC",27710,"NC - Durham",119,26739,7977.932773,4988.579832,"Duke University Hospital",50,2,2,79.0123456790123,18,81,84.1218637992832,444,2790,"esophagitis, gastroent & misc digest disorders w/o mcc","Durham","Duke Regional Hospital",5192.9,"Frye Regional Medical Center",4156.333333,"Hickory","Unicoi County Memorial Hospital",3589.954545,"Erwin","TN",2,1,100,81,1,100,2790,143,94.910394265233
"392 - ESOPHAGITIS, GASTROENT & MISC DIGEST DISORDERS W/O MCC",340155,"DUKE REGIONAL HOSPITAL","3643 N ROXBORO ROAD","DURHAM","NC",27704,"NC - Durham",140,18578.42143,5192.9,3751.007143,"Duke Regional Hospital",100,1,2,86.4197530864197,12,81,88.9247311827957,310,2790,"esophagitis, gastroent & misc digest disorders w/o mcc","Durham","Duke Regional Hospital",5192.9,"Frye Regional Medical Center",4156.333333,"Hickory","Unicoi County Memorial Hospital",3589.954545,"Erwin","TN",2,2,50,81,18,79.0123456790123,2790,1138,59.247311827957
"394 - OTHER DIGESTIVE SYSTEM DIAGNOSES W CC",340030,"DUKE UNIVERSITY HOSPITAL","PO BOX 3708 DUMC  ERWIN RD","DURHAM","NC",27710,"NC - Durham",50,27587.58,10004.8,7054.88,"Duke University Hospital",100,1,2,85.7142857142857,8,49,92.2715053763441,116,1488,"other digestive system diagnoses w cc","Durham","Duke Regional Hospital",6860.72,"Iredell Memorial Hospital Inc",5544.066667,"Statesville","Springhill Medical Center",4731.85,"Mobile","AL",2,1,100,49,3,95.9183673469388,1488,132,91.1962365591398
"394 - OTHER DIGESTIVE SYSTEM DIAGNOSES W CC",340155,"DUKE REGIONAL HOSPITAL","3643 N ROXBORO ROAD","DURHAM","NC",27704,"NC - Durham",25,20092.32,6860.72,5574.08,"Duke Regional Hospital",50,2,2,63.265306122449,19,49,62.2311827956989,563,1488,"other digestive system diagnoses w cc","Durham","Duke Regional Hospital",6860.72,"Iredell Memorial Hospital Inc",5544.066667,"Statesville","Springhill Medical Center",4731.85,"Mobile","AL",2,2,50,49,14,73.469387755102,1488,677,54.5698924731183
"418 - LAPAROSCOPIC CHOLECYSTECTOMY W/O C.D.E. W CC",340155,"DUKE REGIONAL HOSPITAL","3643 N ROXBORO ROAD","DURHAM","NC",27704,"NC - Durham",11,50356.45455,11479.09091,10047.54545,"Duke Regional Hospital",100,1,1,11.5384615384615,24,26,9.02696365767878,777,853,"laparoscopic cholecystectomy w/o c.d.e. w cc","Durham","Duke Regional Hospital",11479.09091,"Iredell Memorial Hospital Inc",9688.666667,"Statesville","Methodist Medical Center Of Oak Ridge",8023.583333,"Oak Ridge","TN",1,1,100,26,9,69.2307692307692,853,412,51.8171160609613
"439 - DISORDERS OF PANCREAS EXCEPT MALIGNANCY W CC",340030,"DUKE UNIVERSITY HOSPITAL","PO BOX 3708 DUMC  ERWIN RD","DURHAM","NC",27710,"NC - Durham",28,42694.53571,11786.78571,7737.642857,"Duke University Hospital",100,1,2,75.7575757575758,9,33,88.1967213114754,109,915,"disorders of pancreas except malignancy w cc","Durham","Duke Regional Hospital",6874.25,"Rex Hospital",5528.375,"Raleigh","Thomas Hospital",4693.8,"Fairhope","AL",2,1,100,33,2,96.969696969697,915,34,96.3934426229508
"439 - DISORDERS OF PANCREAS EXCEPT MALIGNANCY W CC",340155,"DUKE REGIONAL HOSPITAL","3643 N ROXBORO ROAD","DURHAM","NC",27704,"NC - Durham",12,23957.75,6874.25,5483.166667,"Duke Regional Hospital",50,2,2,21.2121212121212,27,33,21.5300546448087,719,915,"disorders of pancreas except malignancy w cc","Durham","Duke Regional Hospital",6874.25,"Rex Hospital",5528.375,"Raleigh","Thomas Hospital",4693.8,"Fairhope","AL",2,2,50,33,11,69.6969696969697,915,426,53.551912568306
"460 - SPINAL FUSION EXCEPT CERVICAL W/O MCC",340030,"DUKE UNIVERSITY HOSPITAL","PO BOX 3708 DUMC  ERWIN RD","DURHAM","NC",27710,"NC - Durham",153,108882.0327,34834.69935,30186.02614,"Duke University Hospital",100,1,3,86.1111111111111,6,36,95.6617647058824,60,1360,"spinal fusion except cervical w/o mcc","Durham","North Carolina Specialty Hospital",21602.41935,"North Carolina Specialty Hospital",21602.41935,"Durham","Oak Hill Hospital",17972.92149,"Brooksville","FL",3,1,100,36,1,100,1360,193,85.8823529411765
"460 - SPINAL FUSION EXCEPT CERVICAL W/O MCC",340049,"NORTH CAROLINA SPECIALTY HOSPITAL","3916 BEN FRANKLIN BOULEVARD","DURHAM","NC",27704,"NC - Durham",31,65248.64516,21602.41935,20363.32258,"North Carolina Specialty Hospital",66.6666666666667,2,3,30.5555555555556,26,36,43.5294117647059,769,1360,"spinal fusion except cervical w/o mcc","Durham","North Carolina Specialty Hospital",21602.41935,"North Carolina Specialty Hospital",21602.41935,"Durham","Oak Hill Hospital",17972.92149,"Brooksville","FL",3,3,33.3333333333333,36,36,2.77777777777778,1360,1277,6.17647058823529
"460 - SPINAL FUSION EXCEPT CERVICAL W/O MCC",340155,"DUKE REGIONAL HOSPITAL","3643 N ROXBORO ROAD","DURHAM","NC",27704,"NC - Durham",15,88203.4,25299.73333,21299.13333,"Duke Regional Hospital",33.3333333333333,3,3,11.1111111111111,33,36,13.6764705882353,1175,1360,"spinal fusion except cervical w/o mcc","Durham","North Carolina Specialty Hospital",21602.41935,"North Carolina Specialty Hospital",21602.41935,"Durham","Oak Hill Hospital",17972.92149,"Brooksville","FL",3,2,66.6666666666667,36,18,52.7777777777778,1360,872,35.9558823529412
"467 - REVISION OF HIP OR KNEE REPLACEMENT W CC",340030,"DUKE UNIVERSITY HOSPITAL","PO BOX 3708 DUMC  ERWIN RD","DURHAM","NC",27710,"NC - Durham",35,79930.65714,28135.2,21720,"Duke University Hospital",66.6666666666667,2,3,54.5454545454545,11,22,79.8165137614679,133,654,"revision of hip or knee replacement w cc","Durham","North Carolina Specialty Hospital",17465.95,"North Carolina Specialty Hospital",17465.95,"Durham","Physicians Regional Medical Center - Pine Ridge",15485.09091,"Naples","FL",3,1,100,22,2,95.4545454545455,654,99,85.0152905198777
"467 - REVISION OF HIP OR KNEE REPLACEMENT W CC",340049,"NORTH CAROLINA SPECIALTY HOSPITAL","3916 BEN FRANKLIN BOULEVARD","DURHAM","NC",27704,"NC - Durham",40,38828.7,17465.95,16202.675,"North Carolina Specialty Hospital",100,1,3,81.8181818181818,5,22,84.2507645259939,104,654,"revision of hip or knee replacement w cc","Durham","North Carolina Specialty Hospital",17465.95,"North Carolina Specialty Hospital",17465.95,"Durham","Physicians Regional Medical Center - Pine Ridge",15485.09091,"Naples","FL",3,3,33.3333333333333,22,22,4.54545454545455,654,614,6.26911314984709
"467 - REVISION OF HIP OR KNEE REPLACEMENT W CC",340155,"DUKE REGIONAL HOSPITAL","3643 N ROXBORO ROAD","DURHAM","NC",27704,"NC - Durham",18,84294.66667,20977.61111,18236.66667,"Duke Regional Hospital",33.3333333333333,3,3,31.8181818181818,16,22,45.4128440366972,358,654,"revision of hip or knee replacement w cc","Durham","North Carolina Specialty Hospital",17465.95,"North Carolina Specialty Hospital",17465.95,"Durham","Physicians Regional Medical Center - Pine Ridge",15485.09091,"Naples","FL",3,2,66.6666666666667,22,10,59.0909090909091,654,399,39.1437308868502
"469 - MAJOR JOINT REPLACEMENT OR REATTACHMENT OF LOWER EXTREMITY W MCC",340030,"DUKE UNIVERSITY HOSPITAL","PO BOX 3708 DUMC  ERWIN RD","DURHAM","NC",27710,"NC - Durham",17,95104.47059,31836.70588,25822.76471,"Duke University Hospital",100,1,1,46.6666666666667,17,30,55.3895410885806,419,937,"major joint replacement or reattachment of lower extremity w mcc","Durham","Duke University Hospital",31836.70588,"Medwest Haywood",16373.25,"Clyde","Memorial Hospital And Health Care Center",13969,"Jasper","IN",1,1,100,30,3,93.3333333333333,937,70,92.6360725720384
"470 - MAJOR JOINT REPLACEMENT OR REATTACHMENT OF LOWER EXTREMITY W/O MCC",340030,"DUKE UNIVERSITY HOSPITAL","PO BOX 3708 DUMC  ERWIN RD","DURHAM","NC",27710,"NC - Durham",504,48679.58532,18248.50992,15174.62302,"Duke University Hospital",100,1,3,88.3116883116883,10,77,95.2117863720074,131,2715,"major joint replacement or reattachment of lower extremity w/o mcc","Durham","North Carolina Specialty Hospital",11534.5098,"North Carolina Specialty Hospital",11534.5098,"Durham","Premier Surgical Institute",9500.595238,"Galena","KS",3,1,100,77,3,97.4025974025974,2715,378,86.1141804788214
"470 - MAJOR JOINT REPLACEMENT OR REATTACHMENT OF LOWER EXTREMITY W/O MCC",340049,"NORTH CAROLINA SPECIALTY HOSPITAL","3916 BEN FRANKLIN BOULEVARD","DURHAM","NC",27704,"NC - Durham",306,28986.60131,11534.5098,10248.21895,"North Carolina Specialty Hospital",33.3333333333333,3,3,77.9220779220779,18,77,85.8563535911602,385,2715,"major joint replacement or reattachment of lower extremity w/o mcc","Durham","North Carolina Specialty Hospital",11534.5098,"North Carolina Specialty Hospital",11534.5098,"Durham","Premier Surgical Institute",9500.595238,"Galena","KS",3,3,33.3333333333333,77,77,1.2987012987013,2715,2571,5.34069981583794
"470 - MAJOR JOINT REPLACEMENT OR REATTACHMENT OF LOWER EXTREMITY W/O MCC",340155,"DUKE REGIONAL HOSPITAL","3643 N ROXBORO ROAD","DURHAM","NC",27704,"NC - Durham",376,52526.125,13981.52128,12093.03191,"Duke Regional Hospital",66.6666666666667,2,3,83.1168831168831,14,77,90.6813996316759,254,2715,"major joint replacement or reattachment of lower extremity w/o mcc","Durham","North Carolina Specialty Hospital",11534.5098,"North Carolina Specialty Hospital",11534.5098,"Durham","Premier Surgical Institute",9500.595238,"Galena","KS",3,2,66.6666666666667,77,29,63.6363636363636,2715,1420,47.7348066298343
"473 - CERVICAL SPINAL FUSION W/O CC/MCC",340030,"DUKE UNIVERSITY HOSPITAL","PO BOX 3708 DUMC  ERWIN RD","DURHAM","NC",27710,"NC - Durham",82,69631.31707,19570.90244,16244.89024,"Duke University Hospital",100,1,3,82.7586206896552,6,29,97.1623155505108,26,881,"cervical spinal fusion w/o cc/mcc","Durham","North Carolina Specialty Hospital",11800.31579,"Novant Health Charlotte Orthopedic Hospital",11517.96154,"Charlotte","Central Louisiana Surgical Hospital",10318.81818,"Alexandria","LA",3,1,100,29,2,96.551724137931,881,100,88.7627695800227
"473 - CERVICAL SPINAL FUSION W/O CC/MCC",340049,"NORTH CAROLINA SPECIALTY HOSPITAL","3916 BEN FRANKLIN BOULEVARD","DURHAM","NC",27704,"NC - Durham",19,37108.36842,11800.31579,10631.10526,"North Carolina Specialty Hospital",66.6666666666667,2,3,31.0344827586207,21,29,42.5652667423383,507,881,"cervical spinal fusion w/o cc/mcc","Durham","North Carolina Specialty Hospital",11800.31579,"Novant Health Charlotte Orthopedic Hospital",11517.96154,"Charlotte","Central Louisiana Surgical Hospital",10318.81818,"Alexandria","LA",3,3,33.3333333333333,29,28,6.89655172413793,881,823,6.69693530079455
"473 - CERVICAL SPINAL FUSION W/O CC/MCC",340155,"DUKE REGIONAL HOSPITAL","3643 N ROXBORO ROAD","DURHAM","NC",27704,"NC - Durham",14,54613.92857,15255.92857,11545.35714,"Duke Regional Hospital",33.3333333333333,3,3,13.7931034482759,26,29,22.7014755959137,682,881,"cervical spinal fusion w/o cc/mcc","Durham","North Carolina Specialty Hospital",11800.31579,"Novant Health Charlotte Orthopedic Hospital",11517.96154,"Charlotte","Central Louisiana Surgical Hospital",10318.81818,"Alexandria","LA",3,2,66.6666666666667,29,8,75.8620689655172,881,374,57.6617480136209
"480 - HIP & FEMUR PROCEDURES EXCEPT MAJOR JOINT W MCC",340030,"DUKE UNIVERSITY HOSPITAL","PO BOX 3708 DUMC  ERWIN RD","DURHAM","NC",27710,"NC - Durham",22,112942.2727,34176.18182,28653.04545,"Duke University Hospital",100,1,2,56.25,15,32,74.4747899159664,244,952,"hip & femur procedures except major joint w mcc","Durham","Duke Regional Hospital",19094.66667,"Randolph Hospital",15149.08333,"Asheboro","Boone Hospital Center",14053.85,"Columbia","MO",2,1,100,32,1,100,952,39,96.0084033613445
"480 - HIP & FEMUR PROCEDURES EXCEPT MAJOR JOINT W MCC",340155,"DUKE REGIONAL HOSPITAL","3643 N ROXBORO ROAD","DURHAM","NC",27704,"NC - Durham",12,52429.08333,19094.66667,17740.25,"Duke Regional Hospital",50,2,2,15.625,28,32,19.2226890756303,770,952,"hip & femur procedures except major joint w mcc","Durham","Duke Regional Hospital",19094.66667,"Randolph Hospital",15149.08333,"Asheboro","Boone Hospital Center",14053.85,"Columbia","MO",2,2,50,32,17,50,952,564,40.8613445378151
"481 - HIP & FEMUR PROCEDURES EXCEPT MAJOR JOINT W CC",340030,"DUKE UNIVERSITY HOSPITAL","PO BOX 3708 DUMC  ERWIN RD","DURHAM","NC",27710,"NC - Durham",62,56702.41935,18226.19355,14682.79032,"Duke University Hospital",100,1,2,80.5970149253731,14,67,86.08570052961,290,2077,"hip & femur procedures except major joint w cc","Durham","Duke Regional Hospital",13063.97917,"Rex Hospital",10513.41758,"Raleigh","Springhill Medical Center",9320.111111,"Mobile","AL",2,1,100,67,2,98.5074626865672,2077,176,91.5743861338469
"481 - HIP & FEMUR PROCEDURES EXCEPT MAJOR JOINT W CC",340155,"DUKE REGIONAL HOSPITAL","3643 N ROXBORO ROAD","DURHAM","NC",27704,"NC - Durham",48,51814.4375,13063.97917,11489.41667,"Duke Regional Hospital",50,2,2,70.1492537313433,21,67,75.4453538757824,511,2077,"hip & femur procedures except major joint w cc","Durham","Duke Regional Hospital",13063.97917,"Rex Hospital",10513.41758,"Raleigh","Springhill Medical Center",9320.111111,"Mobile","AL",2,2,50,67,17,76.1194029850746,2077,851,59.0755897929706
"482 - HIP & FEMUR PROCEDURES EXCEPT MAJOR JOINT W/O CC/MCC",340030,"DUKE UNIVERSITY HOSPITAL","PO BOX 3708 DUMC  ERWIN RD","DURHAM","NC",27710,"NC - Durham",21,49960.90476,17459.04762,10641.85714,"Duke University Hospital",100,1,1,64.5161290322581,12,31,72.8342245989305,255,935,"hip & femur procedures except major joint w/o cc/mcc","Durham","Duke University Hospital",17459.04762,"High Point Regional Hospital",8978.615385,"High Point","West Florida Hospital",7861.384615,"Pensacola","FL",1,1,100,31,1,100,935,25,97.4331550802139
"484 - MAJOR JOINT & LIMB REATTACHMENT PROC OF UPPER EXTREMITY W/O CC/MCC",340030,"DUKE UNIVERSITY HOSPITAL","PO BOX 3708 DUMC  ERWIN RD","DURHAM","NC",27710,"NC - Durham",32,63638.53125,17912.625,14813.71875,"Duke University Hospital",100,1,2,65.5172413793103,11,29,78.0281690140845,157,710,"major joint & limb reattachment proc of upper extremity w/o cc/mcc","Durham","North Carolina Specialty Hospital",11647,"Margaret R Pardee Memorial Hospital",11497.8,"Hendersonville","Jackson Hospital & Clinic Inc",10189.45455,"Montgomery","AL",2,1,100,29,2,96.551724137931,710,100,86.056338028169
"484 - MAJOR JOINT & LIMB REATTACHMENT PROC OF UPPER EXTREMITY W/O CC/MCC",340049,"NORTH CAROLINA SPECIALTY HOSPITAL","3916 BEN FRANKLIN BOULEVARD","DURHAM","NC",27704,"NC - Durham",27,34527.18519,11647,10474.55556,"North Carolina Specialty Hospital",50,2,2,55.1724137931034,14,29,69.8591549295775,215,710,"major joint & limb reattachment proc of upper extremity w/o cc/mcc","Durham","North Carolina Specialty Hospital",11647,"Margaret R Pardee Memorial Hospital",11497.8,"Hendersonville","Jackson Hospital & Clinic Inc",10189.45455,"Montgomery","AL",2,2,50,29,28,6.89655172413793,710,641,9.85915492957746
"491 - BACK & NECK PROC EXC SPINAL FUSION W/O CC/MCC",340049,"NORTH CAROLINA SPECIALTY HOSPITAL","3916 BEN FRANKLIN BOULEVARD","DURHAM","NC",27704,"NC - Durham",17,23630.64706,5799.117647,4553.529412,"North Carolina Specialty Hospital",100,1,2,31.5789473684211,14,19,36.6498740554156,504,794,"back & neck proc exc spinal fusion w/o cc/mcc","Durham","North Carolina Specialty Hospital",5799.117647,"Duke Health Raleigh Hospital",5710.526316,"Raleigh","Nea Baptist Memorial Hospital",3967.833333,"Jonesboro","AR",2,2,50,19,18,10.5263157894737,794,745,6.29722921914358
"491 - BACK & NECK PROC EXC SPINAL FUSION W/O CC/MCC",340155,"DUKE REGIONAL HOSPITAL","3643 N ROXBORO ROAD","DURHAM","NC",27704,"NC - Durham",12,29172.41667,6908.25,5483,"Duke Regional Hospital",50,2,2,10.5263157894737,18,19,11.8387909319899,701,794,"back & neck proc exc spinal fusion w/o cc/mcc","Durham","North Carolina Specialty Hospital",5799.117647,"Duke Health Raleigh Hospital",5710.526316,"Raleigh","Nea Baptist Memorial Hospital",3967.833333,"Jonesboro","AR",2,1,100,19,7,68.4210526315789,794,489,38.5390428211587
"536 - FRACTURES OF HIP & PELVIS W/O MCC",340030,"DUKE UNIVERSITY HOSPITAL","PO BOX 3708 DUMC  ERWIN RD","DURHAM","NC",27710,"NC - Durham",13,17792.76923,7160.153846,4695.153846,"Duke University Hospital",50,2,2,46.4285714285714,16,28,32.039911308204,614,902,"fractures of hip & pelvis w/o mcc","Durham","Duke Regional Hospital",5014.941176,"Wakemed, Cary Hospital",3542.388889,"Cary","Gulf Breeze Hospital",3508.666667,"Gulf Breeze","FL",2,1,100,28,2,96.4285714285714,902,68,92.5720620842572
"536 - FRACTURES OF HIP & PELVIS W/O MCC",340155,"DUKE REGIONAL HOSPITAL","3643 N ROXBORO ROAD","DURHAM","NC",27704,"NC - Durham",17,15029.23529,5014.941176,3487.823529,"Duke Regional Hospital",100,1,2,67.8571428571429,10,28,57.5388026607539,384,902,"fractures of hip & pelvis w/o mcc","Durham","Duke Regional Hospital",5014.941176,"Wakemed, Cary Hospital",3542.388889,"Cary","Gulf Breeze Hospital",3508.666667,"Gulf Breeze","FL",2,2,50,28,10,67.8571428571429,902,331,63.4146341463415
"552 - MEDICAL BACK PROBLEMS W/O MCC",340030,"DUKE UNIVERSITY HOSPITAL","PO BOX 3708 DUMC  ERWIN RD","DURHAM","NC",27710,"NC - Durham",35,26823.68571,8304.114286,5511.171429,"Duke University Hospital",100,1,2,65.625,12,32,70.4666666666667,444,1500,"medical back problems w/o mcc","Durham","Duke Regional Hospital",5772.096774,"Iredell Memorial Hospital Inc",4796.826087,"Statesville","St Elizabeth Boardman Health Center",3983.52381,"Boardman","OH",2,1,100,32,3,93.75,1500,170,88.7333333333333
"552 - MEDICAL BACK PROBLEMS W/O MCC",340155,"DUKE REGIONAL HOSPITAL","3643 N ROXBORO ROAD","DURHAM","NC",27704,"NC - Durham",31,23095.06452,5772.096774,4190.709677,"Duke Regional Hospital",50,2,2,56.25,15,32,64.4,535,1500,"medical back problems w/o mcc","Durham","Duke Regional Hospital",5772.096774,"Iredell Memorial Hospital Inc",4796.826087,"Statesville","St Elizabeth Boardman Health Center",3983.52381,"Boardman","OH",2,2,50,32,14,59.375,1500,737,50.9333333333333
"563 - FX, SPRN, STRN & DISL EXCEPT FEMUR, HIP, PELVIS & THIGH W/O MCC",340030,"DUKE UNIVERSITY HOSPITAL","PO BOX 3708 DUMC  ERWIN RD","DURHAM","NC",27710,"NC - Durham",18,24917.27778,7400.833333,5071.277778,"Duke University Hospital",100,1,2,76.4705882352941,5,17,60.377358490566,316,795,"fx, sprn, strn & disl except femur, hip, pelvis & thigh w/o mcc","Durham","Duke Regional Hospital",5188.571429,"Rex Hospital",4151.96,"Raleigh","Blount Memorial Hospital",3726.538462,"Maryville","TN",2,1,100,17,2,94.1176470588235,795,92,88.5534591194969
"563 - FX, SPRN, STRN & DISL EXCEPT FEMUR, HIP, PELVIS & THIGH W/O MCC",340155,"DUKE REGIONAL HOSPITAL","3643 N ROXBORO ROAD","DURHAM","NC",27704,"NC - Durham",14,19957.5,5188.571429,3963.642857,"Duke Regional Hospital",50,2,2,47.0588235294118,10,17,39.2452830188679,484,795,"fx, sprn, strn & disl except femur, hip, pelvis & thigh w/o mcc","Durham","Duke Regional Hospital",5188.571429,"Rex Hospital",4151.96,"Raleigh","Blount Memorial Hospital",3726.538462,"Maryville","TN",2,2,50,17,9,52.9411764705882,795,390,51.0691823899371
"602 - CELLULITIS W MCC",340030,"DUKE UNIVERSITY HOSPITAL","PO BOX 3708 DUMC  ERWIN RD","DURHAM","NC",27710,"NC - Durham",12,48401.75,15886.08333,12038.75,"Duke University Hospital",50,2,2,18.5185185185185,23,27,18.6046511627907,771,946,"cellulitis w mcc","Durham","Duke Regional Hospital",9927.5,"High Point Regional Hospital",8336.5,"High Point","Saint Thomas West Hospital",7415.636364,"Nashville","TN",2,1,100,27,1,100,946,58,93.9746300211416
"602 - CELLULITIS W MCC",340155,"DUKE REGIONAL HOSPITAL","3643 N ROXBORO ROAD","DURHAM","NC",27704,"NC - Durham",18,31223.22222,9927.5,8169.111111,"Duke Regional Hospital",100,1,2,40.7407407407407,17,27,59.6194503171247,383,946,"cellulitis w mcc","Durham","Duke Regional Hospital",9927.5,"High Point Regional Hospital",8336.5,"High Point","Saint Thomas West Hospital",7415.636364,"Nashville","TN",2,2,50,27,13,55.5555555555556,946,499,47.3572938689218
"603 - CELLULITIS W/O MCC",340030,"DUKE UNIVERSITY HOSPITAL","PO BOX 3708 DUMC  ERWIN RD","DURHAM","NC",27710,"NC - Durham",61,22394.01639,8326.901639,5921.147541,"Duke University Hospital",100,1,2,71.7948717948718,23,78,73.9292364990689,701,2685,"cellulitis w/o mcc","Durham","Duke University Hospital",8326.901639,"Medwest Haywood",4674.909091,"Clyde","Thomas Hospital",4077.171429,"Fairhope","AL",2,2,50,78,3,97.4358974358974,2685,199,92.6256983240223
"603 - CELLULITIS W/O MCC",340155,"DUKE REGIONAL HOSPITAL","3643 N ROXBORO ROAD","DURHAM","NC",27704,"NC - Durham",59,15478.79661,23225.79661,4315.271186,"Duke Regional Hospital",50,2,2,70.5128205128205,24,78,72.2532588454376,746,2685,"cellulitis w/o mcc","Durham","Duke University Hospital",8326.901639,"Medwest Haywood",4674.909091,"Clyde","Thomas Hospital",4077.171429,"Fairhope","AL",2,1,100,78,1,100,2685,1,100
"637 - DIABETES W MCC",340030,"DUKE UNIVERSITY HOSPITAL","PO BOX 3708 DUMC  ERWIN RD","DURHAM","NC",27710,"NC - Durham",20,40461.2,13974.2,10619.95,"Duke University Hospital",100,1,2,45.1612903225806,18,31,72.9518855656697,209,769,"diabetes w mcc","Durham","Duke Regional Hospital",9454.166667,"High Point Regional Hospital",7638.6,"High Point","Barnes-jewish St Peters Hospital",6624.909091,"Saint Peters","MO",2,1,100,31,2,96.7741935483871,769,93,88.036410923277
"637 - DIABETES W MCC",340155,"DUKE REGIONAL HOSPITAL","3643 N ROXBORO ROAD","DURHAM","NC",27704,"NC - Durham",12,32344.16667,9454.166667,7926.166667,"Duke Regional Hospital",50,2,2,9.67741935483871,29,31,24.0572171651495,585,769,"diabetes w mcc","Durham","Duke Regional Hospital",9454.166667,"High Point Regional Hospital",7638.6,"High Point","Barnes-jewish St Peters Hospital",6624.909091,"Saint Peters","MO",2,2,50,31,15,54.8387096774194,769,438,43.1729518855657
"638 - DIABETES W CC",340030,"DUKE UNIVERSITY HOSPITAL","PO BOX 3708 DUMC  ERWIN RD","DURHAM","NC",27710,"NC - Durham",52,23222.30769,8074.826923,5583.192308,"Duke University Hospital",100,1,2,86.8852459016393,9,61,93.6884771279676,110,1727,"diabetes w cc","Durham","Duke Regional Hospital",5867.675,"Frye Regional Medical Center",4521.111111,"Hickory","Springhill Medical Center",3902.59375,"Mobile","AL",2,1,100,61,3,96.7213114754098,1727,183,89.4614939200927
"638 - DIABETES W CC",340155,"DUKE REGIONAL HOSPITAL","3643 N ROXBORO ROAD","DURHAM","NC",27704,"NC - Durham",40,19417.2,5867.675,4241.85,"Duke Regional Hospital",50,2,2,70.4918032786885,19,61,86.2767805442965,238,1727,"diabetes w cc","Durham","Duke Regional Hospital",5867.675,"Frye Regional Medical Center",4521.111111,"Hickory","Springhill Medical Center",3902.59375,"Mobile","AL",2,2,50,61,11,83.6065573770492,1727,693,59.9305153445281
"640 - MISC DISORDERS OF NUTRITION,METABOLISM,FLUIDS/ELECTROLYTES W MCC",340030,"DUKE UNIVERSITY HOSPITAL","PO BOX 3708 DUMC  ERWIN RD","DURHAM","NC",27710,"NC - Durham",51,43620.5098,12271.07843,8921.941176,"Duke University Hospital",100,1,2,77.7777777777778,13,54,85.7873791927231,251,1759,"misc disorders of nutrition,metabolism,fluids/electrolytes w mcc","Durham","Duke Regional Hospital",7369.254902,"Margaret R Pardee Memorial Hospital",6288.666667,"Hendersonville","Wadley Regional Medical Center At Hope",5348.545455,"Hope","AR",2,1,100,54,1,100,1759,107,93.9738487777146
"640 - MISC DISORDERS OF NUTRITION,METABOLISM,FLUIDS/ELECTROLYTES W MCC",340155,"DUKE REGIONAL HOSPITAL","3643 N ROXBORO ROAD","DURHAM","NC",27704,"NC - Durham",51,23627.13725,7369.254902,5992.039216,"Duke Regional Hospital",100,1,2,77.7777777777778,13,54,85.7873791927231,251,1759,"misc disorders of nutrition,metabolism,fluids/electrolytes w mcc","Durham","Duke Regional Hospital",7369.254902,"Margaret R Pardee Memorial Hospital",6288.666667,"Hendersonville","Wadley Regional Medical Center At Hope",5348.545455,"Hope","AR",2,2,50,54,28,50,1759,959,45.5372370665151
"641 - MISC DISORDERS OF NUTRITION,METABOLISM,FLUIDS/ELECTROLYTES W/O MCC",340030,"DUKE UNIVERSITY HOSPITAL","PO BOX 3708 DUMC  ERWIN RD","DURHAM","NC",27710,"NC - Durham",93,23620.5914,7440.387097,4527.655914,"Duke University Hospital",100,1,2,89.3333333333333,9,75,91.5821119879744,225,2661,"misc disorders of nutrition,metabolism,fluids/electrolytes w/o mcc","Durham","Duke Regional Hospital",4898.318841,"Rex Hospital",3879.62963,"Raleigh","Via Christi Hospital Wichita St Teresa, Inc",3344.894737,"Wichita","KS",2,1,100,75,1,100,2661,151,94.3630214205186
"641 - MISC DISORDERS OF NUTRITION,METABOLISM,FLUIDS/ELECTROLYTES W/O MCC",340155,"DUKE REGIONAL HOSPITAL","3643 N ROXBORO ROAD","DURHAM","NC",27704,"NC - Durham",69,19265.14493,4898.318841,3244.144928,"Duke Regional Hospital",50,2,2,77.3333333333333,18,75,82.9011649755731,456,2661,"misc disorders of nutrition,metabolism,fluids/electrolytes w/o mcc","Durham","Duke Regional Hospital",4898.318841,"Rex Hospital",3879.62963,"Raleigh","Via Christi Hospital Wichita St Teresa, Inc",3344.894737,"Wichita","KS",2,2,50,75,13,84,2661,970,63.5851183765502
"682 - RENAL FAILURE W MCC",340030,"DUKE UNIVERSITY HOSPITAL","PO BOX 3708 DUMC  ERWIN RD","DURHAM","NC",27710,"NC - Durham",89,38526.44944,16034.30337,12240.02247,"Duke University Hospital",100,1,2,74.3243243243243,20,74,87.3023255813954,274,2150,"renal failure w mcc","Durham","Duke Regional Hospital",11055.11538,"Park Ridge Health",8366.076923,"Hendersonville","Alta View Hospital",7108,"Sandy","UT",2,1,100,74,1,100,2150,184,91.4883720930233
"682 - RENAL FAILURE W MCC",340155,"DUKE REGIONAL HOSPITAL","3643 N ROXBORO ROAD","DURHAM","NC",27704,"NC - Durham",52,33457.55769,11055.11538,9487.365385,"Duke Regional Hospital",50,2,2,59.4594594594595,31,74,64.8372093023256,757,2150,"renal failure w mcc","Durham","Duke Regional Hospital",11055.11538,"Park Ridge Health",8366.076923,"Hendersonville","Alta View Hospital",7108,"Sandy","UT",2,2,50,74,14,82.4324324324324,2150,936,56.5116279069767
"683 - RENAL FAILURE W CC",340030,"DUKE UNIVERSITY HOSPITAL","PO BOX 3708 DUMC  ERWIN RD","DURHAM","NC",27710,"NC - Durham",99,25043.61616,9836.363636,7013.787879,"Duke University Hospital",100,1,2,72.8395061728395,23,81,83.953581432573,402,2499,"renal failure w cc","Durham","Duke Regional Hospital",6774.925,"Lake Norman Regional Medical Center",5580.678571,"Mooresville","Via Christi Hospital Wichita St Teresa, Inc",4593.833333,"Wichita","KS",2,1,100,81,2,98.7654320987654,2499,198,92.1168467386955
"683 - RENAL FAILURE W CC",340155,"DUKE REGIONAL HOSPITAL","3643 N ROXBORO ROAD","DURHAM","NC",27704,"NC - Durham",80,19735.9375,6774.925,5219.6375,"Duke Regional Hospital",50,2,2,64.1975308641975,30,81,75.0300120048019,625,2499,"renal failure w cc","Durham","Duke Regional Hospital",6774.925,"Lake Norman Regional Medical Center",5580.678571,"Mooresville","Via Christi Hospital Wichita St Teresa, Inc",4593.833333,"Wichita","KS",2,2,50,81,22,74.0740740740741,2499,1048,58.1032412965186
"684 - RENAL FAILURE W/O CC/MCC",340030,"DUKE UNIVERSITY HOSPITAL","PO BOX 3708 DUMC  ERWIN RD","DURHAM","NC",27710,"NC - Durham",14,15577.14286,6337.5,4345.214286,"Duke University Hospital",100,1,1,37.5,26,40,34.8595213319459,627,961,"renal failure w/o cc/mcc","Durham","Duke University Hospital",6337.5,"Rex Hospital",3560.166667,"Raleigh","Soin Medical Center,indu & Raj Soin Medical Center",3278.352941,"Beaver Creek","OH",1,1,100,40,1,100,961,75,92.2996878251821
"689 - KIDNEY & URINARY TRACT INFECTIONS W MCC",340030,"DUKE UNIVERSITY HOSPITAL","PO BOX 3708 DUMC  ERWIN RD","DURHAM","NC",27710,"NC - Durham",34,47917.67647,15557.52941,11724.85294,"Duke University Hospital",50,2,2,49.2753623188406,36,69,63.0356220960248,717,1937,"kidney & urinary tract infections w mcc","Durham","Duke Regional Hospital",8064.764706,"Margaret R Pardee Memorial Hospital",6263.178571,"Hendersonville","Thomas Hospital",5354.636364,"Fairhope","AL",2,1,100,69,1,100,1937,22,98.9158492514197
"689 - KIDNEY & URINARY TRACT INFECTIONS W MCC",340155,"DUKE REGIONAL HOSPITAL","3643 N ROXBORO ROAD","DURHAM","NC",27704,"NC - Durham",68,21673.92647,8064.764706,6695.058824,"Duke Regional Hospital",100,1,2,82.6086956521739,13,69,90.5007743933919,185,1937,"kidney & urinary tract infections w mcc","Durham","Duke Regional Hospital",8064.764706,"Margaret R Pardee Memorial Hospital",6263.178571,"Hendersonville","Thomas Hospital",5354.636364,"Fairhope","AL",2,2,50,69,17,76.8115942028985,1937,720,62.8807434176562
"690 - KIDNEY & URINARY TRACT INFECTIONS W/O MCC",340030,"DUKE UNIVERSITY HOSPITAL","PO BOX 3708 DUMC  ERWIN RD","DURHAM","NC",27710,"NC - Durham",109,20574.89908,7841.633028,5380.513761,"Duke University Hospital",50,2,2,88.4615384615385,10,78,86.7931281317108,370,2794,"kidney & urinary tract infections w/o mcc","Durham","Duke Regional Hospital",5419.900763,"Frye Regional Medical Center",4321.625,"Hickory","Unicoi County Memorial Hospital",3682.952381,"Erwin","TN",2,1,100,78,1,100,2794,191,93.1997136721546
"690 - KIDNEY & URINARY TRACT INFECTIONS W/O MCC",340155,"DUKE REGIONAL HOSPITAL","3643 N ROXBORO ROAD","DURHAM","NC",27704,"NC - Durham",131,17325.67939,5419.900763,4014.694656,"Duke Regional Hospital",100,1,2,93.5897435897436,6,78,91.3027916964925,244,2794,"kidney & urinary tract infections w/o mcc","Durham","Duke Regional Hospital",5419.900763,"Frye Regional Medical Center",4321.625,"Hickory","Unicoi County Memorial Hospital",3682.952381,"Erwin","TN",2,2,50,78,18,78.2051282051282,2794,1044,62.6700071581961
"698 - OTHER KIDNEY & URINARY TRACT DIAGNOSES W MCC",340030,"DUKE UNIVERSITY HOSPITAL","PO BOX 3708 DUMC  ERWIN RD","DURHAM","NC",27710,"NC - Durham",49,35206.30612,15560.14286,12016.10204,"Duke University Hospital",100,1,2,84.2105263157895,7,38,89.616935483871,104,992,"other kidney & urinary tract diagnoses w mcc","Durham","Duke Regional Hospital",10667.875,"Lake Norman Regional Medical Center",7899.333333,"Mooresville","St Francis Hospital",7253.636364,"Charleston","WV",2,1,100,38,2,97.3684210526316,992,120,88.0040322580645
"698 - OTHER KIDNEY & URINARY TRACT DIAGNOSES W MCC",340155,"DUKE REGIONAL HOSPITAL","3643 N ROXBORO ROAD","DURHAM","NC",27704,"NC - Durham",24,23532.375,10667.875,9196.875,"Duke Regional Hospital",50,2,2,50,20,38,60.5846774193548,392,992,"other kidney & urinary tract diagnoses w mcc","Durham","Duke Regional Hospital",10667.875,"Lake Norman Regional Medical Center",7899.333333,"Mooresville","St Francis Hospital",7253.636364,"Charleston","WV",2,2,50,38,17,57.8947368421053,992,514,48.2862903225806
"699 - OTHER KIDNEY & URINARY TRACT DIAGNOSES W CC",340030,"DUKE UNIVERSITY HOSPITAL","PO BOX 3708 DUMC  ERWIN RD","DURHAM","NC",27710,"NC - Durham",56,31190.05357,10236.08929,7477.803571,"Duke University Hospital",100,1,2,84,5,25,92.0965971459934,73,911,"other kidney & urinary tract diagnoses w cc","Durham","Duke Regional Hospital",6784.571429,"Rex Hospital",5617.916667,"Raleigh","Upmc Northwest",4979.727273,"Seneca","PA",2,1,100,25,2,96,911,109,88.1448957189901
"699 - OTHER KIDNEY & URINARY TRACT DIAGNOSES W CC",340155,"DUKE REGIONAL HOSPITAL","3643 N ROXBORO ROAD","DURHAM","NC",27704,"NC - Durham",28,19929.10714,6784.571429,5565.035714,"Duke Regional Hospital",50,2,2,68,9,25,76.0702524698134,219,911,"other kidney & urinary tract diagnoses w cc","Durham","Duke Regional Hospital",6784.571429,"Rex Hospital",5617.916667,"Raleigh","Upmc Northwest",4979.727273,"Seneca","PA",2,2,50,25,14,48,911,495,45.7738748627881
"811 - RED BLOOD CELL DISORDERS W MCC",340030,"DUKE UNIVERSITY HOSPITAL","PO BOX 3708 DUMC  ERWIN RD","DURHAM","NC",27710,"NC - Durham",44,51151.54545,16262.52273,12025.36364,"Duke University Hospital",100,1,2,94.4444444444444,3,36,95.438282647585,52,1118,"red blood cell disorders w mcc","Durham","Duke Regional Hospital",8453.8125,"Rex Hospital",7054.888889,"Raleigh","Springhill Medical Center",6075.421053,"Mobile","AL",2,1,100,36,1,100,1118,41,96.4221824686941
"811 - RED BLOOD CELL DISORDERS W MCC",340155,"DUKE REGIONAL HOSPITAL","3643 N ROXBORO ROAD","DURHAM","NC",27704,"NC - Durham",16,21138.0625,8453.8125,6972.8125,"Duke Regional Hospital",50,2,2,22.2222222222222,29,36,44.0966010733453,626,1118,"red blood cell disorders w mcc","Durham","Duke Regional Hospital",8453.8125,"Rex Hospital",7054.888889,"Raleigh","Springhill Medical Center",6075.421053,"Mobile","AL",2,2,50,36,20,47.2222222222222,1118,618,44.8121645796064
"812 - RED BLOOD CELL DISORDERS W/O MCC",340030,"DUKE UNIVERSITY HOSPITAL","PO BOX 3708 DUMC  ERWIN RD","DURHAM","NC",27710,"NC - Durham",193,26218.81347,8915.07772,5639.015544,"Duke University Hospital",100,1,2,100,1,68,99.7651479567872,6,2129,"red blood cell disorders w/o mcc","Durham","Duke Regional Hospital",5400.117647,"Iredell Memorial Hospital Inc",4380.272727,"Statesville","Wadley Regional Medical Center At Hope",3807,"Hope","AR",2,1,100,68,1,100,2129,87,95.9605448567402
"812 - RED BLOOD CELL DISORDERS W/O MCC",340155,"DUKE REGIONAL HOSPITAL","3643 N ROXBORO ROAD","DURHAM","NC",27704,"NC - Durham",51,16841.82353,5400.117647,4276.470588,"Duke Regional Hospital",50,2,2,69.1176470588235,22,68,80.460310004697,417,2129,"red blood cell disorders w/o mcc","Durham","Duke Regional Hospital",5400.117647,"Iredell Memorial Hospital Inc",4380.272727,"Statesville","Wadley Regional Medical Center At Hope",3807,"Hope","AR",2,2,50,68,21,70.5882352941177,2129,930,56.3644903710662
"853 - INFECTIOUS & PARASITIC DISEASES W O.R. PROCEDURE W MCC",340030,"DUKE UNIVERSITY HOSPITAL","PO BOX 3708 DUMC  ERWIN RD","DURHAM","NC",27710,"NC - Durham",48,124515.0625,47696.45833,41948.83333,"Duke University Hospital",100,1,2,74.4186046511628,12,43,84.8344370860927,230,1510,"infectious & parasitic diseases w o.r. procedure w mcc","Durham","Duke Regional Hospital",35593.74074,"Stanly Regional Medical Center",24044.08333,"Albemarle","Englewood Community Hospital",21667.07143,"Englewood","FL",2,1,100,43,4,93.0232558139535,1510,303,80
"853 - INFECTIOUS & PARASITIC DISEASES W O.R. PROCEDURE W MCC",340155,"DUKE REGIONAL HOSPITAL","3643 N ROXBORO ROAD","DURHAM","NC",27704,"NC - Durham",27,86744.33333,35593.74074,32539.37037,"Duke Regional Hospital",50,2,2,51.1627906976744,22,43,53.1788079470199,708,1510,"infectious & parasitic diseases w o.r. procedure w mcc","Durham","Duke Regional Hospital",35593.74074,"Stanly Regional Medical Center",24044.08333,"Albemarle","Englewood Community Hospital",21667.07143,"Englewood","FL",2,2,50,43,17,62.7906976744186,1510,886,41.3907284768212
"870 - SEPTICEMIA OR SEVERE SEPSIS W MV 96+ HOURS",340030,"DUKE UNIVERSITY HOSPITAL","PO BOX 3708 DUMC  ERWIN RD","DURHAM","NC",27710,"NC - Durham",29,175167.4828,75668.51724,47338.68966,"Duke University Hospital",100,1,2,66.6666666666667,12,33,73.4463276836158,283,1062,"septicemia or severe sepsis w mv 96+ hours","Durham","Duke Regional Hospital",40688,"Catawba Valley Medical Center",29571.64286,"Hickory","Holy Spirit Hospital",26593.83333,"Camp Hill","PA",2,1,100,33,1,100,1062,40,96.3276836158192
"870 - SEPTICEMIA OR SEVERE SEPSIS W MV 96+ HOURS",340155,"DUKE REGIONAL HOSPITAL","3643 N ROXBORO ROAD","DURHAM","NC",27704,"NC - Durham",13,114841.0769,40688,38113.46154,"Duke Regional Hospital",50,2,2,12.1212121212121,30,33,19.9623352165725,851,1062,"septicemia or severe sepsis w mv 96+ hours","Durham","Duke Regional Hospital",40688,"Catawba Valley Medical Center",29571.64286,"Hickory","Holy Spirit Hospital",26593.83333,"Camp Hill","PA",2,2,50,33,13,63.6363636363636,1062,600,43.5969868173258
"871 - SEPTICEMIA OR SEVERE SEPSIS W/O MV 96+ HOURS W MCC",340030,"DUKE UNIVERSITY HOSPITAL","PO BOX 3708 DUMC  ERWIN RD","DURHAM","NC",27710,"NC - Durham",323,50317.34056,18644.34365,14681.17647,"Duke University Hospital",100,1,2,82.9268292682927,15,82,91.5218162468961,240,2819,"septicemia or severe sepsis w/o mv 96+ hours w mcc","Durham","Duke Regional Hospital",12706.62679,"Margaret R Pardee Memorial Hospital",10135.87634,"Hendersonville","Parkway Regional Hospital",8202.636364,"Fulton","KY",2,1,100,82,2,98.780487804878,2819,250,91.1670805250089
"871 - SEPTICEMIA OR SEVERE SEPSIS W/O MV 96+ HOURS W MCC",340155,"DUKE REGIONAL HOSPITAL","3643 N ROXBORO ROAD","DURHAM","NC",27704,"NC - Durham",209,32691.84211,12706.62679,10967.96651,"Duke Regional Hospital",50,2,2,64.6341463414634,30,82,78.5030152536361,607,2819,"septicemia or severe sepsis w/o mv 96+ hours w mcc","Durham","Duke Regional Hospital",12706.62679,"Margaret R Pardee Memorial Hospital",10135.87634,"Hendersonville","Parkway Regional Hospital",8202.636364,"Fulton","KY",2,2,50,82,17,80.4878048780488,2819,1298,53.9907768712309
"872 - SEPTICEMIA OR SEVERE SEPSIS W/O MV 96+ HOURS W/O MCC",340030,"DUKE UNIVERSITY HOSPITAL","PO BOX 3708 DUMC  ERWIN RD","DURHAM","NC",27710,"NC - Durham",112,30137.21429,11468.42857,8012.589286,"Duke University Hospital",100,1,2,89.873417721519,9,79,93.2914868575912,172,2549,"septicemia or severe sepsis w/o mv 96+ hours w/o mcc","Durham","Duke Regional Hospital",7628.468354,"Medwest Haywood",6016.090909,"Clyde","Sanford Aberdeen Medical Center",5241.928571,"Aberdeen","SD",2,1,100,79,1,100,2549,149,94.1938014907807
"872 - SEPTICEMIA OR SEVERE SEPSIS W/O MV 96+ HOURS W/O MCC",340155,"DUKE REGIONAL HOSPITAL","3643 N ROXBORO ROAD","DURHAM","NC",27704,"NC - Durham",79,20634.97468,7628.468354,5980.139241,"Duke Regional Hospital",50,2,2,78.4810126582278,18,79,83.6406433895645,418,2549,"septicemia or severe sepsis w/o mv 96+ hours w/o mcc","Durham","Duke Regional Hospital",7628.468354,"Medwest Haywood",6016.090909,"Clyde","Sanford Aberdeen Medical Center",5241.928571,"Aberdeen","SD",2,2,50,79,21,74.6835443037975,2549,1024,59.866614358572
"885 - PSYCHOSES",340030,"DUKE UNIVERSITY HOSPITAL","PO BOX 3708 DUMC  ERWIN RD","DURHAM","NC",27710,"NC - Durham",11,38067.72727,12782.45455,7320.272727,"Duke University Hospital",100,1,1,13.6363636363636,20,22,5.29801324503311,573,604,"psychoses","Durham","Duke University Hospital",12782.45455,"Rex Hospital",5356.090909,"Raleigh","Southern Maryland Hospital Center",4542.775,"Clinton","MD",1,1,100,22,1,100,604,25,96.0264900662252
"897 - ALCOHOL/DRUG ABUSE OR DEPENDENCE W/O REHABILITATION THERAPY W/O MCC",340030,"DUKE UNIVERSITY HOSPITAL","PO BOX 3708 DUMC  ERWIN RD","DURHAM","NC",27710,"NC - Durham",27,25952.85185,7730.185185,4739.962963,"Duke University Hospital",100,1,2,52,13,25,61.5839243498818,326,846,"alcohol/drug abuse or dependence w/o rehabilitation therapy w/o mcc","Durham","Duke Regional Hospital",4923.176471,"Wilmington Treatment Center",3592.254054,"Wilmington","Turning Point Hospital",3341.736,"Moultrie","GA",2,1,100,25,1,100,846,65,92.434988179669
"897 - ALCOHOL/DRUG ABUSE OR DEPENDENCE W/O REHABILITATION THERAPY W/O MCC",340155,"DUKE REGIONAL HOSPITAL","3643 N ROXBORO ROAD","DURHAM","NC",27704,"NC - Durham",17,21024.76471,4923.176471,3304.941176,"Duke Regional Hospital",50,2,2,20,21,25,37.5886524822695,529,846,"alcohol/drug abuse or dependence w/o rehabilitation therapy w/o mcc","Durham","Duke Regional Hospital",4923.176471,"Wilmington Treatment Center",3592.254054,"Wilmington","Turning Point Hospital",3341.736,"Moultrie","GA",2,2,50,25,10,64,846,415,51.063829787234
"917 - POISONING & TOXIC EFFECTS OF DRUGS W MCC",340030,"DUKE UNIVERSITY HOSPITAL","PO BOX 3708 DUMC  ERWIN RD","DURHAM","NC",27710,"NC - Durham",17,52548.76471,16205.70588,12345.41176,"Duke University Hospital",100,1,2,42.8571428571429,25,42,48.4848484848485,494,957,"poisoning & toxic effects of drugs w mcc","Durham","Duke Regional Hospital",9742.333333,"Iredell Memorial Hospital Inc",7776.866667,"Statesville","Memorial Hospital And Health Care Center",6269.909091,"Jasper","IN",2,1,100,42,2,97.6190476190476,957,59,93.9393939393939
"917 - POISONING & TOXIC EFFECTS OF DRUGS W MCC",340155,"DUKE REGIONAL HOSPITAL","3643 N ROXBORO ROAD","DURHAM","NC",27704,"NC - Durham",15,23575.86667,9742.333333,8325.2,"Duke Regional Hospital",50,2,2,40.4761904761905,26,42,38.7669801462905,587,957,"poisoning & toxic effects of drugs w mcc","Durham","Duke Regional Hospital",9742.333333,"Iredell Memorial Hospital Inc",7776.866667,"Statesville","Memorial Hospital And Health Care Center",6269.909091,"Jasper","IN",2,2,50,42,18,59.5238095238095,957,535,44.2006269592476
"918 - POISONING & TOXIC EFFECTS OF DRUGS W/O MCC",340030,"DUKE UNIVERSITY HOSPITAL","PO BOX 3708 DUMC  ERWIN RD","DURHAM","NC",27710,"NC - Durham",23,23411.43478,6276.521739,3885.434783,"Duke University Hospital",100,1,2,71.7948717948718,12,39,73.134328358209,307,1139,"poisoning & toxic effects of drugs w/o mcc","Durham","Duke Regional Hospital",4471.684211,"Margaret R Pardee Memorial Hospital",3658.666667,"Hendersonville","Northwest Medical Center",3147.75,"Winfield","AL",2,1,100,39,2,97.4358974358974,1139,136,88.1474978050922
"918 - POISONING & TOXIC EFFECTS OF DRUGS W/O MCC",340155,"DUKE REGIONAL HOSPITAL","3643 N ROXBORO ROAD","DURHAM","NC",27704,"NC - Durham",19,19662.73684,4471.684211,3005.105263,"Duke Regional Hospital",50,2,2,56.4102564102564,18,39,58.4723441615452,474,1139,"poisoning & toxic effects of drugs w/o mcc","Durham","Duke Regional Hospital",4471.684211,"Margaret R Pardee Memorial Hospital",3658.666667,"Hendersonville","Northwest Medical Center",3147.75,"Winfield","AL",2,2,50,39,15,64.1025641025641,1139,529,53.6435469710272
"948 - SIGNS & SYMPTOMS W/O MCC",340030,"DUKE UNIVERSITY HOSPITAL","PO BOX 3708 DUMC  ERWIN RD","DURHAM","NC",27710,"NC - Durham",31,20915.06452,7463.709677,4669.580645,"Duke University Hospital",100,1,2,67.5,14,40,73.6138944555778,396,1497,"signs & symptoms w/o mcc","Durham","Duke Regional Hospital",4795.846154,"Iredell Memorial Hospital Inc",3832.583333,"Statesville","Methodist Medical Center Of Oak Ridge",3208.333333,"Oak Ridge","TN",2,1,100,40,2,97.5,1497,109,92.7855711422846
"948 - SIGNS & SYMPTOMS W/O MCC",340155,"DUKE REGIONAL HOSPITAL","3643 N ROXBORO ROAD","DURHAM","NC",27704,"NC - Durham",13,18241.46154,4795.846154,3690.615385,"Duke Regional Hospital",50,2,2,17.5,34,40,16.4328657314629,1252,1497,"signs & symptoms w/o mcc","Durham","Duke Regional Hospital",4795.846154,"Iredell Memorial Hospital Inc",3832.583333,"Statesville","Methodist Medical Center Of Oak Ridge",3208.333333,"Oak Ridge","TN",2,2,50,40,17,60,1497,681,54.5758183032732
